/* =========================
1. KHOA
========================= */
INSERT INTO khoa VALUES
('K0001','Da liễu','BS0001'),
('K0002','Mắt','BS0004'),
('K0003','Ngoại tổng quát','BS0002'),
('K0004','Da liễu','BS0009'),
('K0005','Nội tổng quát','BS0007'),
('K0006','Nội tổng quát','BS0002'),
('K0007','Ngoại tổng quát','BS0009'),
('K0008','Tai Mũi Họng','BS0009'),
('K0009','Ngoại tổng quát','BS0009'),
('K0010','Nhi khoa','BS0008');

/* =========================
2. BACSI
========================= */
INSERT INTO bacsi VALUES
('BS0001','Nguyễn Bảo Ánh','Nữ','1977-03-07','09251161559','P101','Bác sĩ','K0001',TRUE),
('BS0002','Lương Mỹ Mai','Nữ','1983-10-07','09210341316','P102','Bác sĩ','K0006',TRUE),
('BS0003','Trương Thiên Phi','Nam','1964-10-21','09228327648','P103','Bác sĩ','K0006',FALSE),
('BS0004','Dương Thảo Giang','Nữ','1977-02-07','09295376724','P104','Cử nhân','K0009',TRUE),
('BS0005','Tạ Thu Thi','Nữ','1992-08-03','09201226916','P105','Bác sĩ','K0008',TRUE),
('BS0006','Nguyễn Xuân Phương','Nữ','1977-11-11','09214627048','P106','Bác sĩ CKI','K0009',FALSE),
('BS0007','Đoàn Thu Yên','Nữ','1983-03-18','09280957015','P107','Bác sĩ CKII','K0005',TRUE),
('BS0008','Lại Quốc Đức Hiếu','Nam','1994-03-05','09278248963','P108','Bác sĩ CKII','K0004',TRUE),
('BS0009','Vương Nhật Hậu','Nam','1967-04-08','09215098393','P109','Cử nhân','K0001',TRUE),
('BS0010','Lâm Khánh Linh','Nữ','1991-04-18','09229973763','P110','Cử nhân','K0007',TRUE);

/* =========================
3. LAMVIEC
========================= */
INSERT INTO lamviec VALUES
('K0001','BS0001',14),
('K0006','BS0002',15),
('K0006','BS0003',24),
('K0009','BS0004',2),
('K0008','BS0005',22),
('K0009','BS0006',21),
('K0005','BS0007',21),
('K0004','BS0008',4),
('K0001','BS0009',2),
('K0007','BS0010',13);

/* =========================
4. PHONGBENH
========================= */
INSERT INTO phongbenh VALUES
('P0001','K0006',7,250000),
('P0002','K0004',10,400000),
('P0003','K0008',8,350000),
('P0004','K0003',12,350000),
('P0005','K0004',6,350000),
('P0006','K0009',7,200000),
('P0007','K0009',4,200000),
('P0008','K0004',9,350000),
('P0009','K0008',19,250000),
('P0010','K0007',5,250000),
('P0011','K0007',4,350000),
('P0012','K0005',18,300000),
('P0013','K0007',21,500000),
('P0014','K0008',8,250000),
('P0015','K0005',10,200000),
('P0016','K0010',21,200000),
('P0017','K0006',5,200000),
('P0018','K0010',19,400000),
('P0019','K0009',9,200000),
('P0020','K0009',6,600000),
('P0021','K0003',6,400000),
('P0022','K0002',25,600000),
('P0023','K0004',16,200000),
('P0024','K0010',11,400000),
('P0025','K0010',5,400000),
('P0026','K0002',17,500000),
('P0027','K0010',22,400000),
('P0028','K0006',12,250000),
('P0029','K0006',11,300000),
('P0030','K0007',8,500000),
('P0031','K0005',18,300000),
('P0032','K0002',4,350000),
('P0033','K0010',22,200000),
('P0034','K0002',21,250000),
('P0035','K0009',12,250000),
('P0036','K0006',6,250000),
('P0037','K0006',13,250000),
('P0038','K0008',21,500000),
('P0039','K0005',23,600000),
('P0040','K0009',4,500000),
('P0041','K0009',13,500000),
('P0042','K0002',8,300000),
('P0043','K0002',7,500000),
('P0044','K0009',8,300000),
('P0045','K0005',23,250000),
('P0046','K0006',10,500000),
('P0047','K0005',20,350000),
('P0048','K0005',5,200000),
('P0049','K0007',12,200000),
('P0050','K0001',14,600000);

/* =========================
5. TOANHA
========================= */
INSERT INTO toanha VALUES
('K0006','P0001','Tòa B'),
('K0004','P0002','Tòa F'),
('K0008','P0003','Tòa C'),
('K0003','P0004','Tòa B'),
('K0004','P0005','Tòa F'),
('K0009','P0006','Tòa D'),
('K0009','P0007','Tòa E'),
('K0004','P0008','Tòa F'),
('K0008','P0009','Tòa D'),
('K0007','P0010','Tòa E'),
('K0007','P0011','Tòa A'),
('K0005','P0012','Tòa A'),
('K0007','P0013','Tòa A'),
('K0008','P0014','Tòa F'),
('K0005','P0015','Tòa B'),
('K0010','P0016','Tòa E'),
('K0006','P0017','Tòa A'),
('K0010','P0018','Tòa G'),
('K0009','P0019','Tòa C'),
('K0009','P0020','Tòa E'),
('K0003','P0021','Tòa E'),
('K0002','P0022','Tòa B'),
('K0004','P0023','Tòa D'),
('K0010','P0024','Tòa B'),
('K0010','P0025','Tòa A'),
('K0002','P0026','Tòa C'),
('K0010','P0027','Tòa C'),
('K0006','P0028','Tòa G'),
('K0006','P0029','Tòa G'),
('K0007','P0030','Tòa A'),
('K0005','P0031','Tòa C'),
('K0002','P0032','Tòa B'),
('K0010','P0033','Tòa F'),
('K0002','P0034','Tòa B'),
('K0009','P0035','Tòa F'),
('K0006','P0036','Tòa A'),
('K0006','P0037','Tòa C'),
('K0008','P0038','Tòa G'),
('K0005','P0039','Tòa E'),
('K0009','P0040','Tòa G'),
('K0009','P0041','Tòa D'),
('K0002','P0042','Tòa E'),
('K0002','P0043','Tòa F'),
('K0009','P0044','Tòa B'),
('K0005','P0045','Tòa B'),
('K0006','P0046','Tòa G'),
('K0005','P0047','Tòa B'),
('K0005','P0048','Tòa G'),
('K0007','P0049','Tòa G'),
('K0001','P0050','Tòa B');

/* =========================
6. GIUONG
========================= */
INSERT INTO giuong VALUES
('P0001',1,1),
('P0001',2,1),
('P0001',3,1),
('P0001',4,1),
('P0001',5,1),
('P0001',6,1),
('P0001',7,0),
('P0002',1,0),
('P0002',2,0),
('P0002',3,0),
('P0002',4,0),
('P0002',5,0),
('P0002',6,0),
('P0002',7,0),
('P0002',8,0),
('P0002',9,0),
('P0002',10,0),
('P0003',1,1),
('P0003',2,1),
('P0003',3,0),
('P0003',4,0),
('P0003',5,0),
('P0003',6,0),
('P0003',7,0),
('P0003',8,0),
('P0004',1,1),
('P0004',2,1),
('P0004',3,1),
('P0004',4,1),
('P0004',5,1),
('P0004',6,1),
('P0004',7,1),
('P0004',8,1),
('P0004',9,1),
('P0004',10,1),
('P0004',11,1),
('P0004',12,0),
('P0005',1,1),
('P0005',2,1),
('P0005',3,0),
('P0005',4,0),
('P0005',5,0),
('P0005',6,0),
('P0006',1,1),
('P0006',2,1),
('P0006',3,1),
('P0006',4,1),
('P0006',5,1),
('P0006',6,1),
('P0006',7,0),
('P0007',1,1),
('P0007',2,0),
('P0007',3,0),
('P0007',4,0),
('P0008',1,1),
('P0008',2,1),
('P0008',3,1),
('P0008',4,1),
('P0008',5,0),
('P0008',6,0),
('P0008',7,0),
('P0008',8,0),
('P0008',9,0),
('P0009',1,1),
('P0009',2,1),
('P0009',3,1),
('P0009',4,1),
('P0009',5,1),
('P0009',6,0),
('P0009',7,0),
('P0009',8,0),
('P0009',9,0),
('P0009',10,0),
('P0009',11,0),
('P0009',12,0),
('P0009',13,0),
('P0009',14,0),
('P0009',15,0),
('P0009',16,0),
('P0009',17,0),
('P0009',18,0),
('P0009',19,0),
('P0010',1,1),
('P0010',2,1),
('P0010',3,1),
('P0010',4,1),
('P0010',5,1),
('P0011',1,0),
('P0011',2,0),
('P0011',3,0),
('P0011',4,0),
('P0012',1,1),
('P0012',2,1),
('P0012',3,1),
('P0012',4,1),
('P0012',5,1),
('P0012',6,1),
('P0012',7,1),
('P0012',8,1),
('P0012',9,1),
('P0012',10,1),
('P0012',11,1),
('P0012',12,1),
('P0012',13,0),
('P0012',14,0),
('P0012',15,0),
('P0012',16,0),
('P0012',17,0),
('P0012',18,0),
('P0013',1,1),
('P0013',2,0),
('P0013',3,0),
('P0013',4,0),
('P0013',5,0),
('P0013',6,0),
('P0013',7,0),
('P0013',8,0),
('P0013',9,0),
('P0013',10,0),
('P0013',11,0),
('P0013',12,0),
('P0013',13,0),
('P0013',14,0),
('P0013',15,0),
('P0013',16,0),
('P0013',17,0),
('P0013',18,0),
('P0013',19,0),
('P0013',20,0),
('P0013',21,0),
('P0014',1,1),
('P0014',2,1),
('P0014',3,1),
('P0014',4,1),
('P0014',5,1),
('P0014',6,1),
('P0014',7,1),
('P0014',8,0),
('P0015',1,1),
('P0015',2,1),
('P0015',3,1),
('P0015',4,0),
('P0015',5,0),
('P0015',6,0),
('P0015',7,0),
('P0015',8,0),
('P0015',9,0),
('P0015',10,0),
('P0016',1,1),
('P0016',2,1),
('P0016',3,1),
('P0016',4,1),
('P0016',5,1),
('P0016',6,1),
('P0016',7,0),
('P0016',8,0),
('P0016',9,0),
('P0016',10,0),
('P0016',11,0),
('P0016',12,0),
('P0016',13,0),
('P0016',14,0),
('P0016',15,0),
('P0016',16,0),
('P0016',17,0),
('P0016',18,0),
('P0016',19,0),
('P0016',20,0),
('P0016',21,0),
('P0017',1,1),
('P0017',2,1),
('P0017',3,1),
('P0017',4,0),
('P0017',5,0),
('P0018',1,1),
('P0018',2,1),
('P0018',3,1),
('P0018',4,1),
('P0018',5,1),
('P0018',6,1),
('P0018',7,1),
('P0018',8,1),
('P0018',9,1),
('P0018',10,1),
('P0018',11,1),
('P0018',12,0),
('P0018',13,0),
('P0018',14,0),
('P0018',15,0),
('P0018',16,0),
('P0018',17,0),
('P0018',18,0),
('P0018',19,0),
('P0019',1,1),
('P0019',2,1),
('P0019',3,1),
('P0019',4,1),
('P0019',5,0),
('P0019',6,0),
('P0019',7,0),
('P0019',8,0),
('P0019',9,0),
('P0020',1,1),
('P0020',2,1),
('P0020',3,1),
('P0020',4,1),
('P0020',5,1),
('P0020',6,1),
('P0021',1,1),
('P0021',2,1),
('P0021',3,1),
('P0021',4,1),
('P0021',5,1),
('P0021',6,1),
('P0022',1,1),
('P0022',2,1),
('P0022',3,1),
('P0022',4,1),
('P0022',5,1),
('P0022',6,1),
('P0022',7,1),
('P0022',8,0),
('P0022',9,0),
('P0022',10,0),
('P0022',11,0),
('P0022',12,0),
('P0022',13,0),
('P0022',14,0),
('P0022',15,0),
('P0022',16,0),
('P0022',17,0),
('P0022',18,0),
('P0022',19,0),
('P0022',20,0),
('P0022',21,0),
('P0022',22,0),
('P0022',23,0),
('P0022',24,0),
('P0022',25,0),
('P0023',1,1),
('P0023',2,1),
('P0023',3,1),
('P0023',4,1),
('P0023',5,1),
('P0023',6,1),
('P0023',7,1),
('P0023',8,0),
('P0023',9,0),
('P0023',10,0),
('P0023',11,0),
('P0023',12,0),
('P0023',13,0),
('P0023',14,0),
('P0023',15,0),
('P0023',16,0),
('P0024',1,0),
('P0024',2,0),
('P0024',3,0),
('P0024',4,0),
('P0024',5,0),
('P0024',6,0),
('P0024',7,0),
('P0024',8,0),
('P0024',9,0),
('P0024',10,0),
('P0024',11,0),
('P0025',1,1),
('P0025',2,1),
('P0025',3,1),
('P0025',4,1),
('P0025',5,1),
('P0026',1,1),
('P0026',2,1),
('P0026',3,1),
('P0026',4,1),
('P0026',5,1),
('P0026',6,1),
('P0026',7,0),
('P0026',8,0),
('P0026',9,0),
('P0026',10,0),
('P0026',11,0),
('P0026',12,0),
('P0026',13,0),
('P0026',14,0),
('P0026',15,0),
('P0026',16,0),
('P0026',17,0),
('P0027',1,1),
('P0027',2,1),
('P0027',3,1),
('P0027',4,1),
('P0027',5,1),
('P0027',6,1),
('P0027',7,1),
('P0027',8,1),
('P0027',9,1),
('P0027',10,1),
('P0027',11,1),
('P0027',12,1),
('P0027',13,0),
('P0027',14,0),
('P0027',15,0),
('P0027',16,0),
('P0027',17,0),
('P0027',18,0),
('P0027',19,0),
('P0027',20,0),
('P0027',21,0),
('P0027',22,0),
('P0028',1,1),
('P0028',2,1),
('P0028',3,1),
('P0028',4,1),
('P0028',5,1),
('P0028',6,0),
('P0028',7,0),
('P0028',8,0),
('P0028',9,0),
('P0028',10,0),
('P0028',11,0),
('P0028',12,0),
('P0029',1,1),
('P0029',2,1),
('P0029',3,1),
('P0029',4,1),
('P0029',5,0),
('P0029',6,0),
('P0029',7,0),
('P0029',8,0),
('P0029',9,0),
('P0029',10,0),
('P0029',11,0),
('P0030',1,1),
('P0030',2,0),
('P0030',3,0),
('P0030',4,0),
('P0030',5,0),
('P0030',6,0),
('P0030',7,0),
('P0030',8,0),
('P0031',1,1),
('P0031',2,1),
('P0031',3,1),
('P0031',4,1),
('P0031',5,1),
('P0031',6,1),
('P0031',7,1),
('P0031',8,1),
('P0031',9,0),
('P0031',10,0),
('P0031',11,0),
('P0031',12,0),
('P0031',13,0),
('P0031',14,0),
('P0031',15,0),
('P0031',16,0),
('P0031',17,0),
('P0031',18,0),
('P0032',1,1),
('P0032',2,1),
('P0032',3,0),
('P0032',4,0),
('P0033',1,1),
('P0033',2,1),
('P0033',3,1),
('P0033',4,1),
('P0033',5,1),
('P0033',6,1),
('P0033',7,1),
('P0033',8,1),
('P0033',9,1),
('P0033',10,1),
('P0033',11,1),
('P0033',12,1),
('P0033',13,1),
('P0033',14,1),
('P0033',15,1),
('P0033',16,1),
('P0033',17,1),
('P0033',18,1),
('P0033',19,1),
('P0033',20,1),
('P0033',21,0),
('P0033',22,0),
('P0034',1,1),
('P0034',2,1),
('P0034',3,1),
('P0034',4,1),
('P0034',5,1),
('P0034',6,1),
('P0034',7,1),
('P0034',8,1),
('P0034',9,1),
('P0034',10,1),
('P0034',11,1),
('P0034',12,1),
('P0034',13,1),
('P0034',14,1),
('P0034',15,1),
('P0034',16,1),
('P0034',17,0),
('P0034',18,0),
('P0034',19,0),
('P0034',20,0),
('P0034',21,0),
('P0035',1,1),
('P0035',2,1),
('P0035',3,1),
('P0035',4,1),
('P0035',5,1),
('P0035',6,1),
('P0035',7,0),
('P0035',8,0),
('P0035',9,0),
('P0035',10,0),
('P0035',11,0),
('P0035',12,0),
('P0036',1,1),
('P0036',2,1),
('P0036',3,1),
('P0036',4,1),
('P0036',5,1),
('P0036',6,0),
('P0037',1,1),
('P0037',2,1),
('P0037',3,1),
('P0037',4,1),
('P0037',5,1),
('P0037',6,1),
('P0037',7,1),
('P0037',8,1),
('P0037',9,1),
('P0037',10,1),
('P0037',11,1),
('P0037',12,1),
('P0037',13,1),
('P0038',1,1),
('P0038',2,1),
('P0038',3,1),
('P0038',4,1),
('P0038',5,1),
('P0038',6,1),
('P0038',7,1),
('P0038',8,1),
('P0038',9,1),
('P0038',10,1),
('P0038',11,1),
('P0038',12,1),
('P0038',13,1),
('P0038',14,1),
('P0038',15,1),
('P0038',16,1),
('P0038',17,1),
('P0038',18,0),
('P0038',19,0),
('P0038',20,0),
('P0038',21,0),
('P0039',1,1),
('P0039',2,1),
('P0039',3,1),
('P0039',4,1),
('P0039',5,1),
('P0039',6,1),
('P0039',7,1),
('P0039',8,1),
('P0039',9,1),
('P0039',10,1),
('P0039',11,0),
('P0039',12,0),
('P0039',13,0),
('P0039',14,0),
('P0039',15,0),
('P0039',16,0),
('P0039',17,0),
('P0039',18,0),
('P0039',19,0),
('P0039',20,0),
('P0039',21,0),
('P0039',22,0),
('P0039',23,0),
('P0040',1,0),
('P0040',2,0),
('P0040',3,0),
('P0040',4,0),
('P0041',1,1),
('P0041',2,0),
('P0041',3,0),
('P0041',4,0),
('P0041',5,0),
('P0041',6,0),
('P0041',7,0),
('P0041',8,0),
('P0041',9,0),
('P0041',10,0),
('P0041',11,0),
('P0041',12,0),
('P0041',13,0),
('P0042',1,1),
('P0042',2,1),
('P0042',3,1),
('P0042',4,1),
('P0042',5,0),
('P0042',6,0),
('P0042',7,0),
('P0042',8,0),
('P0043',1,1),
('P0043',2,1),
('P0043',3,0),
('P0043',4,0),
('P0043',5,0),
('P0043',6,0),
('P0043',7,0),
('P0044',1,1),
('P0044',2,1),
('P0044',3,1),
('P0044',4,1),
('P0044',5,0),
('P0044',6,0),
('P0044',7,0),
('P0044',8,0),
('P0045',1,1),
('P0045',2,0),
('P0045',3,0),
('P0045',4,0),
('P0045',5,0),
('P0045',6,0),
('P0045',7,0),
('P0045',8,0),
('P0045',9,0),
('P0045',10,0),
('P0045',11,0),
('P0045',12,0),
('P0045',13,0),
('P0045',14,0),
('P0045',15,0),
('P0045',16,0),
('P0045',17,0),
('P0045',18,0),
('P0045',19,0),
('P0045',20,0),
('P0045',21,0),
('P0045',22,0),
('P0045',23,0),
('P0046',1,1),
('P0046',2,0),
('P0046',3,0),
('P0046',4,0),
('P0046',5,0),
('P0046',6,0),
('P0046',7,0),
('P0046',8,0),
('P0046',9,0),
('P0046',10,0),
('P0047',1,1),
('P0047',2,1),
('P0047',3,1),
('P0047',4,1),
('P0047',5,1),
('P0047',6,1),
('P0047',7,1),
('P0047',8,1),
('P0047',9,1),
('P0047',10,1),
('P0047',11,1),
('P0047',12,1),
('P0047',13,1),
('P0047',14,1),
('P0047',15,1),
('P0047',16,1),
('P0047',17,1),
('P0047',18,1),
('P0047',19,1),
('P0047',20,0),
('P0048',1,1),
('P0048',2,1),
('P0048',3,1),
('P0048',4,0),
('P0048',5,0),
('P0049',1,1),
('P0049',2,1),
('P0049',3,1),
('P0049',4,1),
('P0049',5,1),
('P0049',6,0),
('P0049',7,0),
('P0049',8,0),
('P0049',9,0),
('P0049',10,0),
('P0049',11,0),
('P0049',12,0),
('P0050',1,1),
('P0050',2,1),
('P0050',3,1),
('P0050',4,1),
('P0050',5,1),
('P0050',6,1),
('P0050',7,1),
('P0050',8,1),
('P0050',9,1),
('P0050',10,1),
('P0050',11,1),
('P0050',12,0),
('P0050',13,0),
('P0050',14,0);

/* =========================
7. THUOC
========================= */
INSERT INTO thuoc VALUES
('T0001','Smecta','Tiêu chảy',15000),
('T0002','Ginkgo Biloba','Tuần hoàn não',3000),
('T0003','Atorvastatin 10mg','Mỡ máu',7000),
('T0004','Esomeprazole','Ức chế dạ dày',2000),
('T0005','Vitamin 3B (B1,B6,B12)','Bổ thần kinh',2000),
('T0006','Acetylcystein','Tiêu đờm',12000),
('T0007','Vitamin 3B (B1,B6,B12)','Bổ thần kinh',3000),
('T0008','Amlodipine 5mg','Hạ huyết áp',12000),
('T0009','Azithromycin','Kháng sinh',8000),
('T0010','Ginkgo Biloba','Tuần hoàn não',8000),
('T0011','Vitamin C 500mg','Tăng đề kháng',12000),
('T0012','Aspirin 81mg','Chống đông máu',8000),
('T0013','Cefuroxime','Kháng sinh',7000),
('T0014','Vitamin C 500mg','Tăng đề kháng',15000),
('T0015','Fexofenadine','Chống dị ứng',8000),
('T0016','Aspirin 81mg','Chống đông máu',2000),
('T0017','Men vi sinh (Probiotic)','Hỗ trợ tiêu hóa',8000),
('T0018','Salbutamol (Xịt)','Giãn phế quản',15000),
('T0019','Smecta','Tiêu chảy',20000),
('T0020','Canxi + D3','Bổ xương',20000),
('T0021','Salbutamol (Xịt)','Giãn phế quản',20000),
('T0022','Loratadin','Chống dị ứng',3000),
('T0023','Berberin','Tiêu chảy',12000),
('T0024','Amoxicillin 500mg','Kháng sinh',7000),
('T0025','Men vi sinh (Probiotic)','Hỗ trợ tiêu hóa',7000),
('T0026','Acetylcystein','Tiêu đờm',5000),
('T0027','Ibuprofen 400mg','Kháng viêm NSAID',2000),
('T0028','Omeprazole','Ức chế dạ dày',20000),
('T0029','Celecoxib','Kháng viêm xương khớp',20000),
('T0030','Vitamin C 500mg','Tăng đề kháng',7000),
('T0031','Atorvastatin 10mg','Mỡ máu',20000),
('T0032','Aspirin 81mg','Chống đông máu',7000),
('T0033','Levofloxacin','Kháng sinh',2000),
('T0034','Augmentin (Amox+Clav)','Kháng sinh',15000),
('T0035','Siro ho thảo dược','Giảm ho',5000),
('T0036','Oresol','Bù nước điện giải',2000),
('T0037','Omeprazole','Ức chế dạ dày',3000),
('T0038','Oresol','Bù nước điện giải',5000),
('T0039','Oresol','Bù nước điện giải',12000),
('T0040','Canxi + D3','Bổ xương',15000),
('T0041','Canxi + D3','Bổ xương',5000),
('T0042','Natri Clorid 0.9%','Nước muối sinh lý',20000),
('T0043','Esomeprazole','Ức chế dạ dày',7000),
('T0044','Phosphalugel (Chữ P)','Trung hòa axit',20000),
('T0045','Omeprazole','Ức chế dạ dày',8000),
('T0046','Canxi + D3','Bổ xương',3000),
('T0047','Berberin','Tiêu chảy',7000),
('T0048','Phosphalugel (Chữ P)','Trung hòa axit',12000),
('T0049','Smecta','Tiêu chảy',3000),
('T0050','Cefuroxime','Kháng sinh',5000),
('T0051','Siro ho thảo dược','Giảm ho',15000),
('T0052','Levofloxacin','Kháng sinh',7000),
('T0053','Celecoxib','Kháng viêm xương khớp',15000),
('T0054','Vitamin C 500mg','Tăng đề kháng',12000),
('T0055','Oresol','Bù nước điện giải',15000),
('T0056','Meloxicam','Kháng viêm xương khớp',7000),
('T0057','Vitamin C 500mg','Tăng đề kháng',15000),
('T0058','Ibuprofen 400mg','Kháng viêm NSAID',15000),
('T0059','Natri Clorid 0.9%','Nước muối sinh lý',2000),
('T0060','Losartan 50mg','Hạ huyết áp',8000),
('T0061','Atorvastatin 10mg','Mỡ máu',15000),
('T0062','Siro ho thảo dược','Giảm ho',20000),
('T0063','Siro ho thảo dược','Giảm ho',8000),
('T0064','Vitamin 3B (B1,B6,B12)','Bổ thần kinh',20000),
('T0065','Ibuprofen 400mg','Kháng viêm NSAID',15000),
('T0066','Amlodipine 5mg','Hạ huyết áp',15000),
('T0067','Loratadin','Chống dị ứng',20000),
('T0068','Cefuroxime','Kháng sinh',2000),
('T0069','Aspirin 81mg','Chống đông máu',2000),
('T0070','Amoxicillin 500mg','Kháng sinh',15000),
('T0071','Cefuroxime','Kháng sinh',20000),
('T0072','Fexofenadine','Chống dị ứng',2000),
('T0073','Esomeprazole','Ức chế dạ dày',15000),
('T0074','Smecta','Tiêu chảy',7000),
('T0075','Oresol','Bù nước điện giải',12000),
('T0076','Amlodipine 5mg','Hạ huyết áp',15000),
('T0077','Phosphalugel (Chữ P)','Trung hòa axit',15000),
('T0078','Esomeprazole','Ức chế dạ dày',3000),
('T0079','Natri Clorid 0.9%','Nước muối sinh lý',2000),
('T0080','Meloxicam','Kháng viêm xương khớp',12000),
('T0081','Siro ho thảo dược','Giảm ho',3000),
('T0082','Efferalgan Codeine','Giảm đau mạnh',2000),
('T0083','Omeprazole','Ức chế dạ dày',7000),
('T0084','Ibuprofen 400mg','Kháng viêm NSAID',5000),
('T0085','Omeprazole','Ức chế dạ dày',5000),
('T0086','Natri Clorid 0.9%','Nước muối sinh lý',3000),
('T0087','Salbutamol (Xịt)','Giãn phế quản',20000),
('T0088','Esomeprazole','Ức chế dạ dày',12000),
('T0089','Loratadin','Chống dị ứng',3000),
('T0090','Loratadin','Chống dị ứng',8000),
('T0091','Augmentin (Amox+Clav)','Kháng sinh',2000),
('T0092','Men vi sinh (Probiotic)','Hỗ trợ tiêu hóa',15000),
('T0093','Aspirin 81mg','Chống đông máu',7000),
('T0094','Celecoxib','Kháng viêm xương khớp',7000),
('T0095','Augmentin (Amox+Clav)','Kháng sinh',8000),
('T0096','Azithromycin','Kháng sinh',2000),
('T0097','Losartan 50mg','Hạ huyết áp',15000),
('T0098','Metformin 500mg','Tiểu đường',3000),
('T0099','Ginkgo Biloba','Tuần hoàn não',12000),
('T0100','Paracetamol 500mg','Giảm đau hạ sốt',15000),
('T0101','Glucosamine','Bổ khớp',3000),
('T0102','Vitamin 3B (B1,B6,B12)','Bổ thần kinh',12000),
('T0103','Oresol','Bù nước điện giải',5000),
('T0104','Vitamin 3B (B1,B6,B12)','Bổ thần kinh',5000),
('T0105','Phosphalugel (Chữ P)','Trung hòa axit',20000),
('T0106','Oresol','Bù nước điện giải',15000),
('T0107','Phosphalugel (Chữ P)','Trung hòa axit',12000),
('T0108','Omeprazole','Ức chế dạ dày',3000),
('T0109','Phosphalugel (Chữ P)','Trung hòa axit',20000),
('T0110','Omeprazole','Ức chế dạ dày',20000),
('T0111','Atorvastatin 10mg','Mỡ máu',12000),
('T0112','Ibuprofen 400mg','Kháng viêm NSAID',20000),
('T0113','Smecta','Tiêu chảy',5000),
('T0114','Glucosamine','Bổ khớp',7000),
('T0115','Losartan 50mg','Hạ huyết áp',8000),
('T0116','Amlodipine 5mg','Hạ huyết áp',8000),
('T0117','Phosphalugel (Chữ P)','Trung hòa axit',2000),
('T0118','Acetylcystein','Tiêu đờm',3000),
('T0119','Omeprazole','Ức chế dạ dày',15000),
('T0120','Glucosamine','Bổ khớp',7000),
('T0121','Natri Clorid 0.9%','Nước muối sinh lý',20000),
('T0122','Canxi + D3','Bổ xương',2000),
('T0123','Amoxicillin 500mg','Kháng sinh',8000),
('T0124','Siro ho thảo dược','Giảm ho',15000),
('T0125','Omeprazole','Ức chế dạ dày',8000),
('T0126','Metformin 500mg','Tiểu đường',20000),
('T0127','Losartan 50mg','Hạ huyết áp',15000),
('T0128','Amlodipine 5mg','Hạ huyết áp',12000),
('T0129','Oresol','Bù nước điện giải',8000),
('T0130','Men vi sinh (Probiotic)','Hỗ trợ tiêu hóa',8000),
('T0131','Siro ho thảo dược','Giảm ho',3000),
('T0132','Acetylcystein','Tiêu đờm',12000),
('T0133','Azithromycin','Kháng sinh',5000),
('T0134','Acetylcystein','Tiêu đờm',7000),
('T0135','Natri Clorid 0.9%','Nước muối sinh lý',8000),
('T0136','Berberin','Tiêu chảy',3000),
('T0137','Acetylcystein','Tiêu đờm',8000),
('T0138','Siro ho thảo dược','Giảm ho',12000),
('T0139','Fexofenadine','Chống dị ứng',8000),
('T0140','Paracetamol 500mg','Giảm đau hạ sốt',5000),
('T0141','Phosphalugel (Chữ P)','Trung hòa axit',2000),
('T0142','Meloxicam','Kháng viêm xương khớp',8000),
('T0143','Cefuroxime','Kháng sinh',20000),
('T0144','Augmentin (Amox+Clav)','Kháng sinh',2000),
('T0145','Berberin','Tiêu chảy',20000),
('T0146','Natri Clorid 0.9%','Nước muối sinh lý',20000),
('T0147','Amlodipine 5mg','Hạ huyết áp',5000),
('T0148','Meloxicam','Kháng viêm xương khớp',8000),
('T0149','Natri Clorid 0.9%','Nước muối sinh lý',3000),
('T0150','Celecoxib','Kháng viêm xương khớp',15000),
('T0151','Glucosamine','Bổ khớp',3000),
('T0152','Meloxicam','Kháng viêm xương khớp',5000),
('T0153','Levofloxacin','Kháng sinh',8000),
('T0154','Amoxicillin 500mg','Kháng sinh',7000),
('T0155','Azithromycin','Kháng sinh',15000),
('T0156','Siro ho thảo dược','Giảm ho',15000),
('T0157','Canxi + D3','Bổ xương',20000),
('T0158','Men vi sinh (Probiotic)','Hỗ trợ tiêu hóa',15000),
('T0159','Men vi sinh (Probiotic)','Hỗ trợ tiêu hóa',2000),
('T0160','Augmentin (Amox+Clav)','Kháng sinh',7000),
('T0161','Salbutamol (Xịt)','Giãn phế quản',8000),
('T0162','Amoxicillin 500mg','Kháng sinh',5000),
('T0163','Omeprazole','Ức chế dạ dày',5000),
('T0164','Celecoxib','Kháng viêm xương khớp',5000),
('T0165','Paracetamol 500mg','Giảm đau hạ sốt',15000),
('T0166','Canxi + D3','Bổ xương',20000),
('T0167','Berberin','Tiêu chảy',2000),
('T0168','Siro ho thảo dược','Giảm ho',8000),
('T0169','Berberin','Tiêu chảy',20000),
('T0170','Celecoxib','Kháng viêm xương khớp',7000),
('T0171','Esomeprazole','Ức chế dạ dày',7000),
('T0172','Vitamin 3B (B1,B6,B12)','Bổ thần kinh',3000),
('T0173','Siro ho thảo dược','Giảm ho',5000),
('T0174','Phosphalugel (Chữ P)','Trung hòa axit',5000),
('T0175','Celecoxib','Kháng viêm xương khớp',2000),
('T0176','Loratadin','Chống dị ứng',8000),
('T0177','Berberin','Tiêu chảy',20000),
('T0178','Azithromycin','Kháng sinh',20000),
('T0179','Men vi sinh (Probiotic)','Hỗ trợ tiêu hóa',15000),
('T0180','Phosphalugel (Chữ P)','Trung hòa axit',20000),
('T0181','Canxi + D3','Bổ xương',3000),
('T0182','Efferalgan Codeine','Giảm đau mạnh',15000),
('T0183','Smecta','Tiêu chảy',8000),
('T0184','Ibuprofen 400mg','Kháng viêm NSAID',3000),
('T0185','Siro ho thảo dược','Giảm ho',2000),
('T0186','Phosphalugel (Chữ P)','Trung hòa axit',2000),
('T0187','Fexofenadine','Chống dị ứng',20000),
('T0188','Canxi + D3','Bổ xương',8000),
('T0189','Fexofenadine','Chống dị ứng',15000),
('T0190','Glucosamine','Bổ khớp',3000),
('T0191','Natri Clorid 0.9%','Nước muối sinh lý',12000),
('T0192','Vitamin C 500mg','Tăng đề kháng',12000),
('T0193','Smecta','Tiêu chảy',3000),
('T0194','Loratadin','Chống dị ứng',12000),
('T0195','Vitamin C 500mg','Tăng đề kháng',20000),
('T0196','Berberin','Tiêu chảy',15000),
('T0197','Efferalgan Codeine','Giảm đau mạnh',20000),
('T0198','Amoxicillin 500mg','Kháng sinh',12000),
('T0199','Esomeprazole','Ức chế dạ dày',12000),
('T0200','Azithromycin','Kháng sinh',15000);

/* =========================
8. SOLUONGTHUOC
========================= */
INSERT INTO soluongthuoc VALUES
('LO00001','T0001','2035-09-30',16862),
('LO00002','T0002','2035-04-19',37),
('LO00003','T0003','2033-06-03',17779),
('LO00004','T0004','2031-03-25',13541),
('LO00005','T0005','2026-08-28',6146),
('LO00006','T0006','2031-11-11',11854),
('LO00007','T0007','2033-01-11',16334),
('LO00008','T0008','2033-01-22',14484),
('LO00009','T0009','2034-07-27',1691),
('LO00010','T0010','2028-04-30',8750),
('LO00011','T0011','2032-03-16',4293),
('LO00012','T0012','2029-04-11',14356),
('LO00013','T0013','2035-12-04',15883),
('LO00014','T0014','2027-05-30',945),
('LO00015','T0015','2033-02-10',19951),
('LO00016','T0016','2035-01-04',7841),
('LO00017','T0017','2034-01-03',5189),
('LO00018','T0018','2029-07-13',18049),
('LO00019','T0019','2026-03-15',18096),
('LO00020','T0020','2030-08-16',3054),
('LO00021','T0021','2028-07-26',3717),
('LO00022','T0022','2031-03-23',3849),
('LO00023','T0023','2033-04-24',5045),
('LO00024','T0024','2031-08-21',9563),
('LO00025','T0025','2031-10-03',8959),
('LO00026','T0026','2030-09-15',15810),
('LO00027','T0027','2031-05-06',7986),
('LO00028','T0028','2031-03-03',18063),
('LO00029','T0029','2027-09-02',12569),
('LO00030','T0030','2028-03-08',19640),
('LO00031','T0031','2031-09-30',4473),
('LO00032','T0032','2035-09-27',2287),
('LO00033','T0033','2029-02-22',13596),
('LO00034','T0034','2029-11-10',16637),
('LO00035','T0035','2029-01-16',84),
('LO00036','T0036','2029-03-21',9783),
('LO00037','T0037','2035-06-10',19232),
('LO00038','T0038','2032-07-20',16044),
('LO00039','T0039','2035-10-02',4869),
('LO00040','T0040','2031-01-21',17648),
('LO00041','T0041','2031-06-24',11309),
('LO00042','T0042','2029-10-10',18085),
('LO00043','T0043','2034-08-08',17807),
('LO00044','T0044','2030-04-12',14920),
('LO00045','T0045','2029-08-28',6181),
('LO00046','T0046','2033-11-13',7825),
('LO00047','T0047','2032-06-17',12549),
('LO00048','T0048','2028-08-31',13460),
('LO00049','T0049','2026-07-15',10426),
('LO00050','T0050','2034-05-26',15498),
('LO00051','T0051','2033-12-15',12492),
('LO00052','T0052','2030-05-18',4984),
('LO00053','T0053','2031-08-08',1213),
('LO00054','T0054','2027-06-19',16459),
('LO00055','T0055','2032-08-31',10878),
('LO00056','T0056','2035-10-20',3288),
('LO00057','T0057','2035-11-07',14427),
('LO00058','T0058','2027-03-02',17234),
('LO00059','T0059','2031-03-04',502),
('LO00060','T0060','2034-02-24',4723),
('LO00061','T0061','2030-08-24',5058),
('LO00062','T0062','2026-11-20',15384),
('LO00063','T0063','2034-10-24',8684),
('LO00064','T0064','2029-11-04',13024),
('LO00065','T0065','2033-05-02',2631),
('LO00066','T0066','2035-08-07',10766),
('LO00067','T0067','2035-08-10',17485),
('LO00068','T0068','2030-04-23',10376),
('LO00069','T0069','2033-01-28',15989),
('LO00070','T0070','2035-10-31',17728),
('LO00071','T0071','2026-06-14',2242),
('LO00072','T0072','2028-09-05',9416),
('LO00073','T0073','2028-08-06',2961),
('LO00074','T0074','2030-11-30',3225),
('LO00075','T0075','2034-07-29',3293),
('LO00076','T0076','2031-01-09',5451),
('LO00077','T0077','2033-10-30',9812),
('LO00078','T0078','2026-05-16',1507),
('LO00079','T0079','2029-09-07',1838),
('LO00080','T0080','2029-05-03',11746),
('LO00081','T0081','2030-04-02',14112),
('LO00082','T0082','2027-09-06',8001),
('LO00083','T0083','2032-01-02',13502),
('LO00084','T0084','2032-05-24',5900),
('LO00085','T0085','2027-12-15',5736),
('LO00086','T0086','2026-12-07',19971),
('LO00087','T0087','2035-10-24',12535),
('LO00088','T0088','2032-12-30',7891),
('LO00089','T0089','2031-08-18',19108),
('LO00090','T0090','2027-08-27',7608),
('LO00091','T0091','2031-03-21',8322),
('LO00092','T0092','2031-03-15',8366),
('LO00093','T0093','2033-07-11',307),
('LO00094','T0094','2035-01-26',15245),
('LO00095','T0095','2029-04-10',17910),
('LO00096','T0096','2027-10-27',2420),
('LO00097','T0097','2031-01-01',11323),
('LO00098','T0098','2032-08-20',9802),
('LO00099','T0099','2033-03-19',13903),
('LO00100','T0100','2033-10-15',8195),
('LO00101','T0101','2031-03-04',9899),
('LO00102','T0102','2028-04-12',12605),
('LO00103','T0103','2035-08-14',15833),
('LO00104','T0104','2027-03-30',7772),
('LO00105','T0105','2030-04-29',18740),
('LO00106','T0106','2030-01-27',18835),
('LO00107','T0107','2029-05-13',9674),
('LO00108','T0108','2026-04-17',12969),
('LO00109','T0109','2029-02-15',265),
('LO00110','T0110','2032-05-24',1607),
('LO00111','T0111','2032-11-05',16276),
('LO00112','T0112','2035-05-22',9378),
('LO00113','T0113','2034-09-30',7540),
('LO00114','T0114','2032-11-08',11544),
('LO00115','T0115','2028-07-03',6230),
('LO00116','T0116','2033-01-04',8212),
('LO00117','T0117','2033-08-25',4481),
('LO00118','T0118','2033-02-03',3183),
('LO00119','T0119','2033-01-31',1291),
('LO00120','T0120','2029-07-06',14444),
('LO00121','T0121','2026-06-03',18991),
('LO00122','T0122','2030-02-20',4306),
('LO00123','T0123','2027-01-22',9670),
('LO00124','T0124','2029-09-17',13615),
('LO00125','T0125','2028-01-07',6579),
('LO00126','T0126','2027-07-13',17675),
('LO00127','T0127','2035-11-16',11988),
('LO00128','T0128','2032-01-01',16442),
('LO00129','T0129','2029-02-07',5391),
('LO00130','T0130','2028-12-05',15789),
('LO00131','T0131','2035-02-03',9671),
('LO00132','T0132','2034-06-02',11099),
('LO00133','T0133','2035-01-25',3773),
('LO00134','T0134','2031-04-20',2467),
('LO00135','T0135','2027-08-17',7392),
('LO00136','T0136','2035-09-11',13022),
('LO00137','T0137','2035-07-14',18262),
('LO00138','T0138','2030-02-24',2959),
('LO00139','T0139','2034-11-30',12929),
('LO00140','T0140','2026-03-16',8665),
('LO00141','T0141','2032-01-24',4049),
('LO00142','T0142','2031-02-23',12077),
('LO00143','T0143','2033-08-04',8590),
('LO00144','T0144','2032-08-08',12485),
('LO00145','T0145','2035-04-09',12172),
('LO00146','T0146','2027-04-06',7661),
('LO00147','T0147','2031-05-03',820),
('LO00148','T0148','2032-12-29',18396),
('LO00149','T0149','2029-09-22',19991),
('LO00150','T0150','2028-07-12',2071),
('LO00151','T0151','2033-03-04',15213),
('LO00152','T0152','2033-11-28',9902),
('LO00153','T0153','2033-04-30',13379),
('LO00154','T0154','2027-05-10',4580),
('LO00155','T0155','2026-07-22',1219),
('LO00156','T0156','2029-06-17',16142),
('LO00157','T0157','2027-05-08',3184),
('LO00158','T0158','2028-09-05',17614),
('LO00159','T0159','2027-07-27',12735),
('LO00160','T0160','2031-02-19',12157),
('LO00161','T0161','2033-07-26',17701),
('LO00162','T0162','2030-09-30',19245),
('LO00163','T0163','2034-05-16',5063),
('LO00164','T0164','2030-09-13',3244),
('LO00165','T0165','2035-05-25',16034),
('LO00166','T0166','2032-12-13',13373),
('LO00167','T0167','2029-03-08',1072),
('LO00168','T0168','2033-10-15',12141),
('LO00169','T0169','2028-06-25',14528),
('LO00170','T0170','2031-01-13',7736),
('LO00171','T0171','2035-08-22',11884),
('LO00172','T0172','2027-02-28',12036),
('LO00173','T0173','2032-02-26',11753),
('LO00174','T0174','2026-09-23',13046),
('LO00175','T0175','2029-02-21',6219),
('LO00176','T0176','2027-06-02',14900),
('LO00177','T0177','2027-01-28',6950),
('LO00178','T0178','2033-03-30',19567),
('LO00179','T0179','2026-04-15',1657),
('LO00180','T0180','2034-11-14',10928),
('LO00181','T0181','2028-10-11',4126),
('LO00182','T0182','2034-11-15',18500),
('LO00183','T0183','2028-05-07',2248),
('LO00184','T0184','2035-05-09',18160),
('LO00185','T0185','2028-05-15',19214),
('LO00186','T0186','2028-06-20',7634),
('LO00187','T0187','2029-09-24',4835),
('LO00188','T0188','2034-11-22',19529),
('LO00189','T0189','2026-01-29',9085),
('LO00190','T0190','2035-09-04',4741),
('LO00191','T0191','2027-07-04',17701),
('LO00192','T0192','2028-11-09',5717),
('LO00193','T0193','2027-04-13',844),
('LO00194','T0194','2027-07-11',486),
('LO00195','T0195','2030-01-24',7796),
('LO00196','T0196','2032-08-25',10609),
('LO00197','T0197','2026-03-23',5709),
('LO00198','T0198','2029-01-08',1717),
('LO00199','T0199','2027-06-21',13794),
('LO00200','T0200','2031-12-12',3724);

/* =========================
9. BENHNHAN
========================= */
INSERT INTO benhnhan VALUES
('BN0001','Lưu Xuân Trinh','Nữ','2002-02-15','0983908470','Hà Nội','Ngoại trú'),
('BN0002','Phan Nhật Khải','Nam','1969-02-11','0992124998','Đắk Lắk','Ngoại trú'),
('BN0003','Hà Thảo Tú','Nữ','1971-12-04','0983673657','Cần Thơ','Ngoại trú'),
('BN0004','Trịnh Minh Nguyên','Nam','2008-08-03','0911161528','Hà Nội','Ngoại trú'),
('BN0005','Vũ Kim Thơ','Nữ','1992-12-02','0949451983','TP HCM','Ngoại trú');

/* =========================
10. THANNHAN
========================= */
INSERT INTO thannhan VALUES
('BN0001','Mai Khánh Hoài Phượng','Nữ','09136899809','Bến Tre'),
('BN0002','Trương Hồng Diệu Dung','Nữ','09145502296','Hà Nội'),
('BN0003','Trần Mai Nga','Nữ','09166752545','Đồng Nai'),
('BN0004','Huỳnh Diệu Hoài Hạnh','Nữ','09101476797','Cần Thơ'),
('BN0005','Châu Quang Khoa','Nam','09149784036','Quảng Ninh');

/* =========================
11. BHYT
========================= */
INSERT INTO BHYT VALUES
('BHYT00001','BN0001','2025-01-16','2027-01-16'),
('BHYT00002','BN0002','2024-12-22','2026-12-22'),
('BHYT00003','BN0003','2025-04-02','2027-04-02'),
('BHYT00004','BN0004','2025-05-22','2027-05-22'),
('BHYT00005','BN0005','2025-04-06','2027-04-06');

/* =========================
12. NHAPVIEN
========================= */
INSERT INTO nhapvien VALUES
('BN0001','2025-12-13','P0009',3),
('BN0002','2025-11-28','P0021',1),
('BN0003','2025-11-19','P0032',4),
('BN0004','2025-11-24','P0009',4),
('BN0005','2025-12-06','P0046',2);

/* =========================
13. XUATVIEN
========================= */
INSERT INTO xuatvien VALUES
('BN0001','2025-12-19'),
('BN0002','2025-11-30'),
('BN0003','2025-12-04');

/* =========================
14. DONTHUOC
========================= */
INSERT INTO donthuoc VALUES
('DT00001','BS0010','BN0004'),
('DT00002','BS0010','BN0004'),
('DT00003','BS0007','BN0003'),
('DT00004','BS0002','BN0004'),
('DT00005','BS0001','BN0003');

/* =========================
15. CHITIET_DH
========================= */
INSERT INTO chitiet_dh VALUES
('DT00001','T0159',27,7),
('DT00001','T0118',3,10),
('DT00002','T0063',14,14),
('DT00003','T0135',24,7),
('DT00003','T0021',8,7),
('DT00003','T0102',25,5),
('DT00003','T0080',3,14),
('DT00004','T0136',17,5),
('DT00005','T0090',27,5),
('DT00005','T0187',8,3),
('DT00005','T0166',5,7);

/* =========================
16. SOKHAMBENH
========================= */
INSERT INTO sokhambenh VALUES
('SKB00001','BN0002','2025-12-07','Rối loạn lipid máu','Theo dõi tại nhà','Đang tiến triển tốt','DT00002','K0008'),
('SKB00002','BN0004','2025-12-17','Đái tháo đường type 2','Nhập viện nội trú','Đang tiến triển tốt','DT00005','K0010'),
('SKB00003','BN0003','2025-12-18','Sốt siêu vi','Điều trị ngoại trú (kê đơn)','Đang tiến triển tốt','DT00004','K0008'),
('SKB00004','BN0003','2025-12-17','Viêm dạ dày - tá tràng','Điều trị ngoại trú (kê đơn)','Đang tiến triển tốt','DT00003','K0008'),
('SKB00005','BN0004','2025-12-05','Viêm họng cấp','Theo dõi tại nhà','Ổn định','DT00001','K0010');

/* =========================
17. HOADON
========================= */
INSERT INTO hoadon VALUES
('HD00001','BHYT00005','DT00005','BN0004',350000),
('HD00002','BHYT00005','DT00005','BN0001',350000),
('HD00003','BHYT00005','DT00002','BN0003',350000),
('HD00004','BHYT00005','DT00002','BN0001',350000),
('HD00005','BHYT00001','DT00003','BN0001',180000);

/* =========================
18. USERS (BENHNHAN - NEW)
========================= */
INSERT INTO user (username, password, role, ref_id) VALUES
('bn0001','$2b$12$eIXhD1YwFzQkLQ9R0O6B8e1Y6uJp9gE5MZkXGQn0qj2FhQZ3BvZ9K','BENHNHAN','BN0001'),
('bn0002','$2b$12$eIXhD1YwFzQkLQ9R0O6B8e1Y6uJp9gE5MZkXGQn0qj2FhQZ3BvZ9K','BENHNHAN','BN0002'),
('bn0003','$2b$12$eIXhD1YwFzQkLQ9R0O6B8e1Y6uJp9gE5MZkXGQn0qj2FhQZ3BvZ9K','BENHNHAN','BN0003'),
('bn0004','$2b$12$eIXhD1YwFzQkLQ9R0O6B8e1Y6uJp9gE5MZkXGQn0qj2FhQZ3BvZ9K','BENHNHAN','BN0004'),
('bn0005','$2b$12$eIXhD1YwFzQkLQ9R0O6B8e1Y6uJp9gE5MZkXGQn0qj2FhQZ3BvZ9K','BENHNHAN','BN0005');

