-- phpMyAdmin SQL Dump
-- version 5.2.1
-- https://www.phpmyadmin.net/
--
-- Máy chủ: 127.0.0.1
-- Thời gian đã tạo: Th12 18, 2025 lúc 11:29 PM
-- Phiên bản máy phục vụ: 10.4.32-MariaDB
-- Phiên bản PHP: 8.2.12

SET SQL_MODE = "NO_AUTO_VALUE_ON_ZERO";
START TRANSACTION;
SET time_zone = "+00:00";


/*!40101 SET @OLD_CHARACTER_SET_CLIENT=@@CHARACTER_SET_CLIENT */;
/*!40101 SET @OLD_CHARACTER_SET_RESULTS=@@CHARACTER_SET_RESULTS */;
/*!40101 SET @OLD_COLLATION_CONNECTION=@@COLLATION_CONNECTION */;
/*!40101 SET NAMES utf8mb4 */;

--
-- Cơ sở dữ liệu: `hospital`
--

-- --------------------------------------------------------

--
-- Cấu trúc bảng cho bảng `bacsi`
--

CREATE TABLE `bacsi` (
  `MABS` varchar(50) NOT NULL,
  `hoten` varchar(255) NOT NULL,
  `gioitinh` varchar(1) NOT NULL,
  `ngaysinh` datetime DEFAULT NULL,
  `sdt` varchar(15) NOT NULL,
  `phongkham` varchar(255) DEFAULT NULL,
  `bangcap` varchar(255) NOT NULL,
  `MAKHOA` varchar(50) NOT NULL,
  `trangthai` tinyint(1) DEFAULT 1
) ENGINE=InnoDB DEFAULT CHARSET=utf8mb4 COLLATE=utf8mb4_general_ci;

--
-- Đang đổ dữ liệu cho bảng `bacsi`
--

INSERT INTO `bacsi` (`MABS`, `hoten`, `gioitinh`, `ngaysinh`, `sdt`, `phongkham`, `bangcap`, `MAKHOA`, `trangthai`) VALUES
('BS0001','Nguyễn Bảo Ánh','Nữ','1977-03-07','09251161559','P101','Bác sĩ','K0001',TRUE),
('BS0002','Lương Mỹ Mai','Nữ','1983-10-07','09210341316','P102','Bác sĩ','K0002',TRUE),
('BS0003','Trương Thiên Phi','Nam','1964-10-21','09228327648','P103','Bác sĩ','K0003',FALSE),
('BS0004','Dương Thảo Giang','Nữ','1977-02-07','09295376724','P104','Cử nhân','K0004',TRUE),
('BS0005','Tạ Thu Thi','Nữ','1992-08-03','09201226916','P105','Bác sĩ','K0005',TRUE),
('BS0006','Nguyễn Xuân Phương','Nữ','1977-11-11','09214627048','P106','Bác sĩ CKI','K0006',FALSE),
('BS0007','Đoàn Thu Yên','Nữ','1983-03-18','09280957015','P107','Bác sĩ CKII','K0007',TRUE),
('BS0008','Lại Quốc Đức Hiếu','Nam','1994-03-05','09278248963','P108','Bác sĩ CKII','K0008',TRUE),
('BS0009','Vương Nhật Hậu','Nam','1967-04-08','09215098393','P109','Cử nhân','K0009',TRUE),
('BS0010','Lâm Khánh Linh','Nữ','1991-04-18','09229973763','P110','Cử nhân','K0010',TRUE),
('BS0011','Phạm Thiên Nhân','Nam','1966-01-13','09251333872','P111','Thạc sĩ','K0005',TRUE),
('BS0012','Hoàng Mỹ Trâm','Nữ','1995-02-02','09280132677','P112','Bác sĩ','K0007',FALSE),
('BS0013','Nguyễn Nhật Dương','Nam','1978-07-23','09287234309','P113','Bác sĩ CKI','K0001',TRUE),
('BS0014','Tiêu Công Huy','Nam','1970-01-31','09281219136','P114','Cử nhân','K0010',TRUE),
('BS0015','Nghiêm Hoài Mai','Nữ','1993-06-30','09243534624','P115','Thạc sĩ','K0002',TRUE),
('BS0016','Lại Mai Xuân Nhung','Nữ','1976-03-30','09251354278','P116','Bác sĩ CKI','K0010',FALSE),
('BS0017','Tăng Xuân Bích','Nữ','1979-11-04','09224118244','P117','Thạc sĩ','K0006',TRUE),
('BS0018','Đinh Mỹ Yên','Nữ','1963-02-21','09264005242','P118','Bác sĩ CKI','K0009',TRUE),
('BS0019','Vũ Hồng Linh','Nữ','1969-09-02','09259826204','P119','Bác sĩ','K0001',FALSE),
('BS0020','Lý Chí Thế Nguyên','Nam','1969-04-28','09222602563','P120','Bác sĩ','K0002',TRUE);

-- --------------------------------------------------------

--
-- Cấu trúc bảng cho bảng `benhnhan`
--

CREATE TABLE `benhnhan` (
  `MABN` varchar(50) NOT NULL,
  `hoten` varchar(255) NOT NULL,
  `gioitinh` varchar(1) NOT NULL,
  `ngaysinh` datetime DEFAULT NULL,
  `sdt` varchar(15) NOT NULL,
  `diachi` varchar(255) DEFAULT NULL,
  `loaibn` varchar(255) NOT NULL
) ENGINE=InnoDB DEFAULT CHARSET=utf8mb4 COLLATE=utf8mb4_general_ci;

--
-- Đang đổ dữ liệu cho bảng `benhnhan`
--

INSERT INTO `benhnhan` (`MABN`, `hoten`, `gioitinh`, `ngaysinh`, `sdt`, `diachi`, `loaibn`) VALUES
('BN0001','Trần Thu Hồng Lam','Nữ','1971-11-24','0981960013','TP HCM','Ngoại trú'),
('BN0002','Mạc Hoài Khánh Thùy','Nữ','1965-03-23','0965423511','Hải Phòng','Ngoại trú'),
('BN0003','Đinh Nhật Chí Thiên','Nam','1972-07-03','0984959310','Phú Yên','Ngoại trú'),
('BN0004','Dương Phương Nhung','Nữ','2005-06-06','0955341928','Gia Lai','Nội trú'),
('BN0005','Thạch Hữu Thắng','Nam','1979-01-26','0956413953','Bình Định','Ngoại trú'),
('BN0006','Tô Mai Yến','Nữ','2012-09-18','0949696532','Nghệ An','Nội trú'),
('BN0007','Vũ Trọng Nam','Nam','1992-10-03','0966978480','Khánh Hòa','Nội trú'),
('BN0008','Trương Thảo Thu Ngọc','Nữ','1994-01-31','0948281489','TP HCM','Ngoại trú'),
('BN0009','Tăng Trung Quốc Tùng','Nam','1966-02-12','0943039117','Bà Rịa - Vũng Tàu','Ngoại trú'),
('BN0010','Võ Xuân Thảo','Nữ','1975-05-17','0996383465','Hải Dương','Ngoại trú'),
('BN0011','Dương Bá Đạt','Nam','2000-04-19','0930103105','Hà Nội','Nội trú'),
('BN0012','Ngô Hoài Thảo','Nữ','2001-08-08','0976311656','Cần Thơ','Ngoại trú'),
('BN0013','Phan Trung Dũng','Nam','1971-04-07','0938726247','TP HCM','Ngoại trú'),
('BN0014','Thạch Chí Văn Hưng','Nam','1970-04-06','0967736026','Hà Nội','Ngoại trú'),
('BN0015','Tô Hồng Liên','Nữ','2000-11-23','0972343098','Hà Nội','Nội trú'),
('BN0016','Lưu Công Khang','Nam','1975-01-31','0981219136','Hà Nội','Ngoại trú'),
('BN0017','Quách Thế Cường','Nam','2007-10-19','0985435346','Hà Nội','Ngoại trú'),
('BN0018','Hoàng Bá An','Nam','1971-02-18','0938425135','TP HCM','Ngoại trú'),
('BN0019','Đoàn Xuân Bích','Nữ','1984-11-04','0924118244','Thừa Thiên Huế','Ngoại trú'),
('BN0020','Đinh Hữu Khang','Nam','1970-11-14','0940052427','Thanh Hóa','Ngoại trú'),
('BN0021','Hoàng Minh Trung','Nam','1999-01-27','0959826204','Hải Phòng','Ngoại trú'),
('BN0022','Lê Mai Kim Nhàn','Nữ','1971-06-25','0986923226','Hà Nội','Ngoại trú'),
('BN0023','Đào Đăng Thiên','Nam','1980-05-06','0916073375','TP HCM','Ngoại trú'),
('BN0024','Trần Trung Anh Nguyên','Nam','1969-05-12','0986850142','Quảng Bình','Ngoại trú'),
('BN0025','Quách Trung Hào','Nam','1992-10-17','0916934060','Nghệ An','Ngoại trú'),
('BN0026','Hồ Kim Như','Nữ','1986-10-11','0914846564','Thanh Hóa','Nội trú'),
('BN0027','Lương Khánh Châu','Nữ','1990-09-27','0904436995','Nam Định','Ngoại trú'),
('BN0028','Lưu Đăng Thành','Nam','1975-11-03','0948951343','Đồng Nai','Nội trú'),
('BN0029','Lưu Đức Luân','Nam','1994-07-29','0993676320','Kiên Giang','Ngoại trú'),
('BN0030','Tạ Hồng Xuân Hiền','Nữ','1994-01-18','0931727889','Đà Nẵng','Ngoại trú'),
('BN0031','Châu Chí Hào','Nam','1993-03-24','0977434873','TP HCM','Nội trú'),
('BN0032','Trương Chí Bảo','Nam','1970-03-05','0936231665','Thanh Hóa','Ngoại trú'),
('BN0033','Đào Bá Dương','Nam','2009-01-28','0996705466','Thanh Hóa','Ngoại trú'),
('BN0034','Dương Thảo Phương Vy','Nữ','1966-07-11','0962729806','Quảng Trị','Ngoại trú'),
('BN0035','Tạ Thanh Long','Nam','1968-05-13','0953755646','TP HCM','Nội trú'),
('BN0036','Mạc Hải Dũng','Nam','1979-11-03','0900330923','Hà Nội','Ngoại trú'),
('BN0037','Ngô Diệu Uyên','Nữ','1988-03-20','0991241904','Quảng Bình','Ngoại trú'),
('BN0038','Hồ Thiên Đạt','Nam','1980-02-23','0949190586','Phú Yên','Nội trú'),
('BN0039','Nguyễn Ngọc Thùy','Nữ','1992-06-21','0972628498','Đồng Nai','Ngoại trú'),
('BN0040','Tiêu Mai Kiều','Nữ','1970-05-29','0973799650','Hưng Yên','Nội trú'),
('BN0041','Mai Hoài Khuê','Nữ','2009-05-18','0908313678','Bình Dương','Ngoại trú'),
('BN0042','Thái Ngọc Trinh','Nữ','1983-04-13','0934957885','Bắc Ninh','Ngoại trú'),
('BN0043','Tô Gia Vinh','Nam','1972-12-07','0951823374','Đắk Lắk','Ngoại trú'),
('BN0044','Hà Khánh Nhung','Nữ','1979-06-06','0940824008','TP HCM','Ngoại trú'),
('BN0045','Thái Hoài Oanh','Nữ','1983-08-16','0975204711','Cần Thơ','Nội trú'),
('BN0046','Phạm Hoài Khánh Nhi','Nữ','1970-04-04','0986999386','Hải Dương','Ngoại trú'),
('BN0047','Tạ Thị Mẫn','Nữ','2004-12-04','0933412328','Hà Nội','Nội trú'),
('BN0048','Quách Gia Huy','Nam','1983-12-10','0971349361','Thanh Hóa','Ngoại trú'),
('BN0049','Đặng Diệu Khánh Linh','Nữ','2003-12-27','0994717464','Hưng Yên','Ngoại trú'),
('BN0050','Lê Trung Trung','Nam','2003-05-01','0913990490','Bình Dương','Nội trú'),
('BN0051','Phùng Hoài Thảo Lam','Nữ','2005-08-03','0975655125','Cần Thơ','Ngoại trú'),
('BN0052','Cao Bảo Giang','Nữ','1981-06-04','0968087603','Nghệ An','Ngoại trú'),
('BN0053','Phùng Xuân Thu Hạnh','Nữ','1983-08-29','0971093248','Hà Nội','Ngoại trú'),
('BN0054','Vũ Thiên Hòa','Nam','1974-08-30','0948467737','Thanh Hóa','Ngoại trú'),
('BN0055','Châu Khánh Trang','Nữ','1991-06-30','0984044997','Tiền Giang','Ngoại trú'),
('BN0056','Lâm Bảo Quyên','Nữ','1977-12-08','0996360576','Hải Phòng','Ngoại trú'),
('BN0057','Đặng Thu Xuyến','Nữ','1997-10-11','0917187026','An Giang','Ngoại trú'),
('BN0058','Đinh Mạnh Bảo','Nam','2006-02-28','0958657809','Hà Nội','Ngoại trú'),
('BN0059','Dương Ngọc Nga','Nữ','2005-12-28','0917240050','TP HCM','Ngoại trú'),
('BN0060','Tăng Thanh Hải','Nam','1975-03-03','0996937923','Nam Định','Nội trú'),
('BN0061','Nguyễn Tuấn Trường','Nam','2008-09-06','0917594647','Long An','Nội trú'),
('BN0062','Lưu Bá Hải Hưng','Nam','2001-05-23','0940640909','Bình Dương','Ngoại trú'),
('BN0063','Dương Mai Hoài Nhàn','Nữ','1981-11-25','0921047095','Gia Lai','Nội trú'),
('BN0064','Đào Chí Hải Quân','Nam','1998-09-30','0942474517','Bắc Giang','Nội trú'),
('BN0065','Cao Thảo Thị Như','Nữ','1981-09-04','0975496513','Nam Định','Ngoại trú'),
('BN0066','Trịnh Kim Hiền','Nữ','1994-12-10','0961200471','Hà Nội','Ngoại trú'),
('BN0067','Tô Đăng Duy','Nam','2009-09-14','0992617964','Hà Nội','Ngoại trú'),
('BN0068','Lý Trọng Toàn','Nam','1988-09-29','0950643171','Phú Yên','Ngoại trú'),
('BN0069','Trần Mai Hạnh','Nữ','1973-10-07','0918393352','Đồng Nai','Ngoại trú'),
('BN0070','Đặng Thanh Long','Nam','1972-11-28','0902053950','TP HCM','Nội trú'),
('BN0071','Tăng Phương Phương','Nữ','1993-06-17','0991783908','TP HCM','Ngoại trú'),
('BN0072','Lưu Trọng Toàn','Nam','1971-08-23','0971159212','TP HCM','Ngoại trú'),
('BN0073','Trịnh Xuân Quyên','Nữ','1983-08-17','0996118367','Kiên Giang','Ngoại trú'),
('BN0074','Cao Bảo Thùy','Nữ','1992-06-22','0945271111','Bắc Ninh','Ngoại trú'),
('BN0075','Võ Chí Trung Kiên','Nam','2007-02-14','0956049451','Quảng Bình','Nội trú'),
('BN0076','Dương Xuân Oanh','Nữ','1988-02-25','0949368998','Hà Nội','Ngoại trú'),
('BN0077','Trương Hồng Diệu Dung','Nữ','1984-06-12','0902296120','Hà Nội','Ngoại trú'),
('BN0078','Tô Tuấn Đăng Bảo','Nam','1985-10-20','0910229014','Hải Dương','Ngoại trú'),
('BN0079','Đào Xuân Ngọc Kiều','Nữ','1987-07-04','0949784036','Quảng Ninh','Nội trú'),
('BN0080','Ngô Anh Tuấn Sáng','Nam','1985-02-01','0976226838','Thanh Hóa','Ngoại trú'),
('BN0081','Cao Thế Trọng','Nam','1966-08-30','0915969664','Hà Nội','Nội trú'),
('BN0082','Nghiêm Hải Hòa','Nam','1970-07-28','0913696816','An Giang','Ngoại trú'),
('BN0083','Bùi Quang Đạt','Nam','1998-09-07','0955231243','TP HCM','Nội trú'),
('BN0084','Hoàng Kim Châu','Nữ','1996-08-25','0999799552','Hải Dương','Ngoại trú'),
('BN0085','Trương Ngọc Hương','Nữ','1984-08-15','0900541199','Hưng Yên','Ngoại trú'),
('BN0086','Lê Hoài Trinh','Nữ','2006-04-11','0997820715','Quảng Ninh','Nội trú'),
('BN0087','Lê Phương Huyền','Nữ','1998-09-20','0925546659','Hà Nội','Ngoại trú'),
('BN0088','Lâm Mạnh Hưng','Nam','1983-05-24','0992519254','Bắc Giang','Ngoại trú'),
('BN0089','Quách Tuấn Phúc','Nam','2000-07-21','0952816850','Hải Phòng','Nội trú'),
('BN0090','Thái Minh Đức Sơn','Nam','1983-02-17','0988059296','TP HCM','Nội trú'),
('BN0091','Nghiêm Thị Băng','Nữ','1991-06-22','0937947383','TP HCM','Ngoại trú'),
('BN0092','Hồ Bá Duy','Nam','1993-08-25','0946886239','Hà Nội','Nội trú'),
('BN0093','Vương Xuân Oanh','Nữ','1972-05-03','0924782613','Bà Rịa - Vũng Tàu','Ngoại trú'),
('BN0094','Đào Bảo Hạnh','Nữ','1980-07-03','0953051522','Hà Nội','Ngoại trú'),
('BN0095','Võ Nhật Quyết','Nam','2004-01-29','0910432898','Bắc Ninh','Ngoại trú'),
('BN0096','Vũ Thiên Phước Dũng','Nam','1994-02-04','0979808932','TP HCM','Nội trú'),
('BN0097','Lại Trọng Đức Hải','Nam','1998-06-03','0988888067','Hà Nội','Ngoại trú'),
('BN0098','Trần Hải Công','Nam','1980-12-22','0919520585','Bà Rịa - Vũng Tàu','Nội trú'),
('BN0099','Tô Diệu Vi','Nữ','1973-02-23','0970430305','Bến Tre','Ngoại trú'),
('BN0100','Mạc Diệu Vân','Nữ','2006-04-10','0950541566','Bình Dương','Ngoại trú');

-- --------------------------------------------------------

--
-- Cấu trúc bảng cho bảng `bhyt`
--

CREATE TABLE `bhyt` (
  `MABHYT` varchar(20) NOT NULL,
  `MABN` varchar(50) NOT NULL,
  `ngaydk` datetime NOT NULL,
  `ngayhh` datetime NOT NULL
) ENGINE=InnoDB DEFAULT CHARSET=utf8mb4 COLLATE=utf8mb4_general_ci;

--
-- Đang đổ dữ liệu cho bảng `bhyt`
--

INSERT INTO `bhyt` (`MABHYT`, `MABN`, `ngaydk`, `ngayhh`) VALUES
('BHYT00001','BN0001','2025-05-03','2027-05-03'),
('BHYT00002','BN0002','2025-04-09','2027-04-09'),
('BHYT00003','BN0003','2025-01-09','2027-01-09'),
('BHYT00004','BN0004','2025-01-19','2027-01-19'),
('BHYT00005','BN0005','2025-07-11','2027-07-11'),
('BHYT00006','BN0006','2025-09-05','2027-09-05'),
('BHYT00007','BN0007','2025-05-15','2027-05-15'),
('BHYT00008','BN0008','2025-11-06','2027-11-06'),
('BHYT00009','BN0009','2025-12-19','2027-12-19'),
('BHYT00010','BN0010','2025-09-02','2027-09-02'),
('BHYT00011','BN0011','2025-07-20','2027-07-20'),
('BHYT00012','BN0012','2025-07-24','2027-07-24'),
('BHYT00013','BN0013','2025-12-14','2027-12-14'),
('BHYT00014','BN0014','2025-07-13','2027-07-13'),
('BHYT00015','BN0015','2025-01-31','2027-01-31'),
('BHYT00016','BN0016','2025-11-12','2027-11-12'),
('BHYT00017','BN0017','2025-09-20','2027-09-20'),
('BHYT00018','BN0018','2025-09-21','2027-09-21'),
('BHYT00019','BN0019','2025-10-31','2027-10-31'),
('BHYT00020','BN0020','2025-03-08','2027-03-08'),
('BHYT00021','BN0021','2025-05-11','2027-05-11'),
('BHYT00022','BN0022','2025-01-31','2027-01-31'),
('BHYT00023','BN0023','2025-05-27','2027-05-27'),
('BHYT00024','BN0024','2025-01-29','2027-01-29'),
('BHYT00025','BN0025','2025-09-07','2027-09-07'),
('BHYT00026','BN0026','2025-04-03','2027-04-03'),
('BHYT00027','BN0027','2025-03-09','2027-03-09'),
('BHYT00028','BN0028','2025-09-20','2027-09-20'),
('BHYT00029','BN0029','2025-06-05','2027-06-05'),
('BHYT00030','BN0030','2025-07-08','2027-07-08'),
('BHYT00031','BN0031','2025-10-16','2027-10-16'),
('BHYT00032','BN0032','2025-11-09','2027-11-09'),
('BHYT00033','BN0033','2025-11-17','2027-11-17'),
('BHYT00034','BN0034','2025-12-03','2027-12-03'),
('BHYT00035','BN0035','2025-11-14','2027-11-14'),
('BHYT00036','BN0036','2025-01-22','2027-01-22'),
('BHYT00037','BN0037','2025-05-27','2027-05-27'),
('BHYT00038','BN0038','2025-12-12','2027-12-12'),
('BHYT00039','BN0039','2025-07-31','2027-07-31'),
('BHYT00040','BN0040','2025-04-21','2027-04-21'),
('BHYT00041','BN0041','2025-01-18','2027-01-18'),
('BHYT00042','BN0042','2025-04-24','2027-04-24'),
('BHYT00043','BN0043','2025-02-02','2027-02-02'),
('BHYT00044','BN0044','2025-07-30','2027-07-30'),
('BHYT00045','BN0045','2025-02-17','2027-02-17'),
('BHYT00046','BN0046','2025-08-09','2027-08-09'),
('BHYT00047','BN0047','2025-10-29','2027-10-29'),
('BHYT00048','BN0048','2025-10-27','2027-10-27'),
('BHYT00049','BN0049','2025-01-17','2027-01-17'),
('BHYT00050','BN0050','2025-05-27','2027-05-27'),
('BHYT00051','BN0051','2025-11-26','2027-11-26'),
('BHYT00052','BN0052','2025-11-21','2027-11-21'),
('BHYT00053','BN0053','2025-03-19','2027-03-19'),
('BHYT00054','BN0054','2025-02-19','2027-02-19'),
('BHYT00055','BN0055','2024-12-26','2026-12-26'),
('BHYT00056','BN0056','2025-12-17','2027-12-17'),
('BHYT00057','BN0057','2025-02-28','2027-02-28'),
('BHYT00058','BN0058','2025-12-14','2027-12-14'),
('BHYT00059','BN0059','2024-12-25','2026-12-25'),
('BHYT00060','BN0060','2025-03-13','2027-03-13'),
('BHYT00061','BN0061','2025-08-31','2027-08-31'),
('BHYT00062','BN0062','2025-06-15','2027-06-15'),
('BHYT00063','BN0063','2025-09-13','2027-09-13'),
('BHYT00064','BN0064','2025-09-10','2027-09-10'),
('BHYT00065','BN0065','2025-05-01','2027-05-01'),
('BHYT00066','BN0066','2025-03-15','2027-03-15'),
('BHYT00067','BN0067','2025-06-28','2027-06-28'),
('BHYT00068','BN0068','2025-02-22','2027-02-22'),
('BHYT00069','BN0069','2025-05-06','2027-05-06'),
('BHYT00070','BN0070','2025-02-18','2027-02-18'),
('BHYT00071','BN0071','2025-01-04','2027-01-04'),
('BHYT00072','BN0072','2025-06-09','2027-06-09'),
('BHYT00073','BN0073','2025-07-27','2027-07-27'),
('BHYT00074','BN0074','2025-05-08','2027-05-08'),
('BHYT00075','BN0075','2025-09-14','2027-09-14'),
('BHYT00076','BN0076','2025-01-21','2027-01-21'),
('BHYT00077','BN0077','2025-05-03','2027-05-03'),
('BHYT00078','BN0078','2025-12-19','2027-12-19'),
('BHYT00079','BN0079','2025-10-11','2027-10-11'),
('BHYT00080','BN0080','2025-11-06','2027-11-06'),
('BHYT00081','BN0081','2025-01-28','2027-01-28'),
('BHYT00082','BN0082','2025-08-31','2027-08-31'),
('BHYT00083','BN0083','2025-08-10','2027-08-10'),
('BHYT00084','BN0084','2025-09-07','2027-09-07'),
('BHYT00085','BN0085','2025-06-22','2027-06-22'),
('BHYT00086','BN0086','2025-01-17','2027-01-17'),
('BHYT00087','BN0087','2025-09-01','2027-09-01'),
('BHYT00088','BN0088','2025-10-06','2027-10-06'),
('BHYT00089','BN0089','2025-03-15','2027-03-15'),
('BHYT00090','BN0090','2025-06-26','2027-06-26'),
('BHYT00091','BN0091','2025-03-10','2027-03-10'),
('BHYT00092','BN0092','2025-04-29','2027-04-29'),
('BHYT00093','BN0093','2025-02-10','2027-02-10'),
('BHYT00094','BN0094','2025-10-09','2027-10-09'),
('BHYT00095','BN0095','2025-11-30','2027-11-30'),
('BHYT00096','BN0096','2025-02-17','2027-02-17'),
('BHYT00097','BN0097','2025-04-15','2027-04-15'),
('BHYT00098','BN0098','2025-09-06','2027-09-06'),
('BHYT00099','BN0099','2024-12-21','2026-12-21'),
('BHYT00100','BN0100','2025-01-11','2027-01-11');

-- --------------------------------------------------------

--
-- Cấu trúc bảng cho bảng `chitiet_dh`
--

CREATE TABLE `chitiet_dh` (
  `MADT` varchar(50) NOT NULL,
  `MATHUOC` varchar(50) NOT NULL,
  `soluong` int(11) NOT NULL,
  `songayuong` int(11) NOT NULL
) ENGINE=InnoDB DEFAULT CHARSET=utf8mb4 COLLATE=utf8mb4_general_ci;

--
-- Đang đổ dữ liệu cho bảng `chitiet_dh`
--

INSERT INTO `chitiet_dh` (`MADT`, `MATHUOC`, `soluong`, `songayuong`) VALUES
('DT00001','T0132',22,3),
('DT00001','T0006',16,5),
('DT00001','T0200',21,5),
('DT00001','T0197',20,3),
('DT00002','T0065',26,7),
('DT00002','T0156',23,7),
('DT00003','T0097',7,10),
('DT00003','T0090',10,14),
('DT00003','T0118',27,14),
('DT00003','T0065',13,14),
('DT00004','T0002',17,7),
('DT00005','T0077',16,3),
('DT00005','T0176',11,7),
('DT00005','T0028',21,7),
('DT00006','T0067',29,7),
('DT00006','T0168',7,5),
('DT00006','T0183',17,5),
('DT00007','T0154',13,7),
('DT00008','T0185',21,10),
('DT00008','T0007',10,7),
('DT00009','T0104',19,14),
('DT00009','T0100',27,5),
('DT00009','T0189',11,5),
('DT00009','T0010',22,14),
('DT00010','T0172',28,5),
('DT00010','T0092',27,14),
('DT00010','T0130',6,7),
('DT00010','T0077',4,10),
('DT00011','T0190',24,14),
('DT00011','T0067',25,5),
('DT00012','T0168',12,5),
('DT00012','T0023',24,7),
('DT00012','T0057',14,7),
('DT00013','T0067',15,3),
('DT00013','T0150',16,3),
('DT00013','T0076',28,14),
('DT00014','T0121',29,5),
('DT00015','T0175',13,14),
('DT00016','T0106',5,5),
('DT00016','T0014',11,10),
('DT00016','T0039',19,10),
('DT00017','T0081',6,3),
('DT00017','T0184',16,7),
('DT00018','T0081',2,3),
('DT00018','T0163',15,7),
('DT00019','T0195',6,14),
('DT00019','T0199',25,5),
('DT00020','T0196',20,10),
('DT00020','T0200',21,10),
('DT00020','T0023',13,10),
('DT00020','T0034',16,10),
('DT00021','T0010',18,5),
('DT00022','T0004',27,14),
('DT00022','T0083',7,3),
('DT00022','T0194',22,3),
('DT00023','T0058',29,7),
('DT00023','T0178',10,5),
('DT00024','T0099',17,14),
('DT00025','T0043',10,7),
('DT00025','T0017',15,14),
('DT00025','T0012',20,14),
('DT00026','T0112',11,10),
('DT00026','T0176',12,5),
('DT00026','T0035',6,10),
('DT00027','T0059',8,5),
('DT00028','T0188',19,14),
('DT00028','T0006',6,3),
('DT00029','T0183',13,7),
('DT00029','T0167',25,14),
('DT00029','T0010',20,3),
('DT00030','T0170',4,3),
('DT00031','T0177',4,10),
('DT00032','T0098',16,5),
('DT00032','T0032',7,3),
('DT00032','T0141',10,10),
('DT00032','T0065',22,3),
('DT00033','T0160',5,10),
('DT00033','T0156',27,3),
('DT00033','T0180',17,14),
('DT00034','T0073',4,3),
('DT00035','T0051',9,14),
('DT00035','T0156',7,7),
('DT00035','T0052',23,10),
('DT00035','T0200',10,5),
('DT00036','T0141',16,5),
('DT00037','T0085',22,3),
('DT00037','T0061',30,3),
('DT00037','T0001',27,14),
('DT00037','T0004',22,10),
('DT00038','T0024',17,3),
('DT00038','T0200',24,3),
('DT00039','T0165',10,7),
('DT00039','T0060',15,3),
('DT00039','T0117',4,5),
('DT00040','T0075',12,7),
('DT00041','T0190',29,3),
('DT00041','T0030',1,5),
('DT00041','T0025',22,5),
('DT00041','T0195',11,7),
('DT00042','T0160',12,7),
('DT00042','T0069',6,3),
('DT00042','T0188',13,10),
('DT00042','T0024',15,7),
('DT00043','T0177',29,5),
('DT00043','T0123',4,5),
('DT00043','T0108',23,3),
('DT00043','T0167',28,5),
('DT00044','T0107',30,14),
('DT00045','T0146',20,10),
('DT00045','T0174',25,7),
('DT00045','T0113',20,3),
('DT00045','T0047',28,5),
('DT00046','T0125',2,3),
('DT00046','T0029',9,7),
('DT00046','T0106',1,14),
('DT00046','T0113',25,14),
('DT00047','T0172',17,14),
('DT00047','T0087',23,14),
('DT00048','T0111',22,5),
('DT00049','T0089',13,5),
('DT00049','T0170',27,14),
('DT00049','T0174',29,14),
('DT00049','T0165',2,3),
('DT00050','T0130',28,10),
('DT00050','T0121',28,5),
('DT00051','T0193',16,7),
('DT00052','T0085',2,14),
('DT00052','T0072',8,14),
('DT00053','T0104',15,14),
('DT00053','T0061',15,3),
('DT00053','T0021',28,10),
('DT00053','T0118',15,7),
('DT00054','T0128',24,3),
('DT00055','T0104',14,3),
('DT00056','T0024',26,14),
('DT00057','T0131',21,10),
('DT00057','T0144',11,7),
('DT00057','T0053',27,3),
('DT00058','T0117',18,14),
('DT00058','T0085',20,10),
('DT00059','T0184',4,5),
('DT00059','T0116',1,7),
('DT00059','T0030',12,7),
('DT00060','T0180',29,5),
('DT00060','T0028',16,5),
('DT00060','T0012',27,10),
('DT00061','T0066',20,5),
('DT00062','T0031',7,10),
('DT00062','T0101',27,5),
('DT00063','T0028',2,14),
('DT00063','T0194',4,10),
('DT00063','T0107',15,14),
('DT00064','T0128',17,3),
('DT00064','T0002',18,10),
('DT00065','T0131',19,5),
('DT00065','T0200',24,5),
('DT00065','T0046',4,10),
('DT00065','T0178',22,14),
('DT00066','T0130',20,5),
('DT00066','T0099',9,10),
('DT00066','T0108',11,7),
('DT00067','T0035',23,14),
('DT00067','T0036',10,14),
('DT00067','T0106',28,7),
('DT00067','T0155',23,14),
('DT00068','T0052',20,7),
('DT00068','T0054',22,7),
('DT00069','T0182',6,14),
('DT00069','T0167',18,7),
('DT00070','T0195',12,14),
('DT00071','T0150',14,14),
('DT00071','T0147',10,10),
('DT00071','T0171',26,3),
('DT00071','T0182',17,3),
('DT00072','T0098',5,3),
('DT00073','T0052',9,5),
('DT00074','T0175',27,3),
('DT00074','T0065',23,7),
('DT00074','T0038',7,14),
('DT00075','T0092',27,10),
('DT00076','T0158',28,14),
('DT00077','T0191',18,10),
('DT00077','T0166',8,14),
('DT00078','T0178',30,10),
('DT00078','T0171',13,10),
('DT00078','T0013',26,7),
('DT00079','T0004',24,7),
('DT00080','T0159',28,10),
('DT00080','T0200',27,5),
('DT00081','T0194',24,14),
('DT00081','T0151',7,5),
('DT00081','T0140',10,10),
('DT00082','T0175',6,5),
('DT00082','T0020',24,14),
('DT00083','T0097',2,10),
('DT00084','T0143',6,14),
('DT00084','T0068',28,7),
('DT00084','T0034',1,7),
('DT00085','T0182',20,3),
('DT00085','T0040',25,14),
('DT00085','T0011',27,7),
('DT00085','T0083',16,14),
('DT00086','T0019',17,5),
('DT00086','T0182',6,14),
('DT00086','T0082',3,14),
('DT00087','T0107',18,10),
('DT00087','T0140',3,7),
('DT00088','T0055',11,7),
('DT00088','T0170',12,7),
('DT00089','T0193',17,10),
('DT00089','T0159',18,3),
('DT00090','T0172',12,10),
('DT00091','T0165',30,14),
('DT00091','T0158',8,3),
('DT00092','T0098',9,14),
('DT00092','T0030',24,7),
('DT00092','T0099',1,14),
('DT00093','T0132',16,3),
('DT00093','T0131',10,5),
('DT00093','T0115',11,14),
('DT00094','T0025',6,14),
('DT00095','T0161',3,5),
('DT00096','T0176',27,3),
('DT00096','T0109',7,14),
('DT00097','T0166',5,3),
('DT00097','T0019',15,7),
('DT00097','T0192',2,3),
('DT00097','T0176',3,3),
('DT00098','T0065',3,14),
('DT00098','T0143',27,5),
('DT00099','T0105',21,10),
('DT00099','T0100',14,7),
('DT00099','T0116',1,10),
('DT00100','T0137',1,14);

-- --------------------------------------------------------

--
-- Cấu trúc bảng cho bảng `donthuoc`
--

CREATE TABLE `donthuoc` (
  `MADT` varchar(50) NOT NULL,
  `MABS` varchar(50) NOT NULL,
  `MABN` varchar(50) NOT NULL
) ENGINE=InnoDB DEFAULT CHARSET=utf8mb4 COLLATE=utf8mb4_general_ci;

--
-- Đang đổ dữ liệu cho bảng `donthuoc`
--

INSERT INTO `donthuoc` (`MADT`, `MABS`, `MABN`) VALUES
('DT00001','BS0002','BN0034'),
('DT00002','BS0015','BN0060'),
('DT00003','BS0009','BN0029'),
('DT00004','BS0009','BN0073'),
('DT00005','BS0002','BN0020'),
('DT00006','BS0004','BN0011'),
('DT00007','BS0012','BN0070'),
('DT00008','BS0014','BN0097'),
('DT00009','BS0019','BN0030'),
('DT00010','BS0018','BN0008'),
('DT00011','BS0013','BN0067'),
('DT00012','BS0014','BN0069'),
('DT00013','BS0016','BN0074'),
('DT00014','BS0008','BN0061'),
('DT00015','BS0010','BN0011'),
('DT00016','BS0013','BN0092'),
('DT00017','BS0002','BN0065'),
('DT00018','BS0019','BN0067'),
('DT00019','BS0019','BN0087'),
('DT00020','BS0020','BN0019'),
('DT00021','BS0004','BN0097'),
('DT00022','BS0015','BN0023'),
('DT00023','BS0006','BN0028'),
('DT00024','BS0007','BN0017'),
('DT00025','BS0002','BN0055'),
('DT00026','BS0003','BN0088'),
('DT00027','BS0014','BN0026'),
('DT00028','BS0005','BN0077'),
('DT00029','BS0009','BN0041'),
('DT00030','BS0003','BN0012'),
('DT00031','BS0013','BN0072'),
('DT00032','BS0013','BN0071'),
('DT00033','BS0011','BN0036'),
('DT00034','BS0017','BN0059'),
('DT00035','BS0001','BN0090'),
('DT00036','BS0020','BN0076'),
('DT00037','BS0017','BN0054'),
('DT00038','BS0004','BN0054'),
('DT00039','BS0005','BN0019'),
('DT00040','BS0019','BN0076'),
('DT00041','BS0019','BN0098'),
('DT00042','BS0004','BN0014'),
('DT00043','BS0019','BN0100'),
('DT00044','BS0004','BN0037'),
('DT00045','BS0018','BN0045'),
('DT00046','BS0014','BN0034'),
('DT00047','BS0013','BN0084'),
('DT00048','BS0016','BN0074'),
('DT00049','BS0020','BN0061'),
('DT00050','BS0002','BN0023'),
('DT00051','BS0009','BN0052'),
('DT00052','BS0005','BN0080'),
('DT00053','BS0020','BN0088'),
('DT00054','BS0013','BN0005'),
('DT00055','BS0013','BN0043'),
('DT00056','BS0008','BN0007'),
('DT00057','BS0016','BN0035'),
('DT00058','BS0012','BN0003'),
('DT00059','BS0011','BN0039'),
('DT00060','BS0010','BN0036'),
('DT00061','BS0016','BN0090'),
('DT00062','BS0004','BN0030'),
('DT00063','BS0005','BN0039'),
('DT00064','BS0015','BN0100'),
('DT00065','BS0011','BN0035'),
('DT00066','BS0014','BN0078'),
('DT00067','BS0003','BN0025'),
('DT00068','BS0015','BN0028'),
('DT00069','BS0014','BN0095'),
('DT00070','BS0016','BN0098'),
('DT00071','BS0017','BN0048'),
('DT00072','BS0002','BN0066'),
('DT00073','BS0006','BN0009'),
('DT00074','BS0010','BN0091'),
('DT00075','BS0017','BN0052'),
('DT00076','BS0005','BN0100'),
('DT00077','BS0017','BN0073'),
('DT00078','BS0001','BN0023'),
('DT00079','BS0007','BN0026'),
('DT00080','BS0002','BN0032'),
('DT00081','BS0002','BN0059'),
('DT00082','BS0002','BN0047'),
('DT00083','BS0007','BN0036'),
('DT00084','BS0012','BN0060'),
('DT00085','BS0017','BN0051'),
('DT00086','BS0004','BN0088'),
('DT00087','BS0001','BN0031'),
('DT00088','BS0012','BN0063'),
('DT00089','BS0020','BN0058'),
('DT00090','BS0006','BN0061'),
('DT00091','BS0019','BN0071'),
('DT00092','BS0012','BN0045'),
('DT00093','BS0006','BN0034'),
('DT00094','BS0003','BN0037'),
('DT00095','BS0001','BN0050'),
('DT00096','BS0002','BN0021'),
('DT00097','BS0019','BN0100'),
('DT00098','BS0007','BN0029'),
('DT00099','BS0008','BN0087'),
('DT00100','BS0007','BN0035');

-- --------------------------------------------------------

--
-- Cấu trúc bảng cho bảng `giuong`
--

CREATE TABLE `giuong` (
  `MAPHG` varchar(50) NOT NULL,
  `so` int(11) NOT NULL,
  `tinhtrang` tinyint(1) NOT NULL
) ENGINE=InnoDB DEFAULT CHARSET=utf8mb4 COLLATE=utf8mb4_general_ci;

--
-- Đang đổ dữ liệu cho bảng `giuong`
--

INSERT INTO `giuong` (`MAPHG`, `so`, `tinhtrang`) VALUES
('P0001',1,1),
('P0001',2,1),
('P0001',3,1),
('P0001',4,1),
('P0001',5,1),
('P0001',6,1),
('P0001',7,1),
('P0001',8,1),
('P0001',9,1),
('P0001',10,1),
('P0001',11,1),
('P0001',12,1),
('P0001',13,1),
('P0001',14,1),
('P0001',15,1),
('P0001',16,0),
('P0002',1,0),
('P0002',2,0),
('P0002',3,0),
('P0002',4,0),
('P0002',5,0),
('P0002',6,0),
('P0002',7,0),
('P0002',8,0),
('P0002',9,0),
('P0002',10,0),
('P0002',11,0),
('P0002',12,0),
('P0002',13,0),
('P0002',14,0),
('P0003',1,1),
('P0003',2,1),
('P0003',3,1),
('P0003',4,1),
('P0003',5,1),
('P0003',6,0),
('P0003',7,0),
('P0003',8,0),
('P0003',9,0),
('P0003',10,0),
('P0003',11,0),
('P0003',12,0),
('P0004',1,1),
('P0004',2,1),
('P0004',3,1),
('P0004',4,1),
('P0004',5,0),
('P0004',6,0),
('P0004',7,0),
('P0004',8,0),
('P0004',9,0),
('P0004',10,0),
('P0004',11,0),
('P0004',12,0),
('P0005',1,1),
('P0005',2,1),
('P0005',3,1),
('P0005',4,1),
('P0005',5,1),
('P0005',6,1),
('P0005',7,1),
('P0005',8,1),
('P0005',9,1),
('P0005',10,1),
('P0005',11,1),
('P0005',12,1),
('P0005',13,0),
('P0005',14,0),
('P0005',15,0),
('P0005',16,0),
('P0005',17,0),
('P0005',18,0),
('P0005',19,0),
('P0005',20,0),
('P0005',21,0),
('P0005',22,0),
('P0005',23,0),
('P0006',1,1),
('P0006',2,1),
('P0006',3,1),
('P0006',4,1),
('P0006',5,1),
('P0006',6,1),
('P0006',7,1),
('P0006',8,1),
('P0006',9,1),
('P0006',10,1),
('P0006',11,1),
('P0006',12,1),
('P0006',13,1),
('P0006',14,0),
('P0007',1,1),
('P0007',2,1),
('P0007',3,1),
('P0007',4,1),
('P0007',5,1),
('P0007',6,1),
('P0007',7,1),
('P0007',8,1),
('P0007',9,1),
('P0007',10,1),
('P0007',11,1),
('P0007',12,1),
('P0007',13,1),
('P0007',14,0),
('P0007',15,0),
('P0007',16,0),
('P0007',17,0),
('P0007',18,0),
('P0007',19,0),
('P0007',20,0),
('P0008',1,1),
('P0008',2,1),
('P0008',3,1),
('P0008',4,1),
('P0008',5,1),
('P0008',6,1),
('P0008',7,1),
('P0008',8,1),
('P0008',9,1),
('P0008',10,1),
('P0008',11,1),
('P0008',12,1),
('P0008',13,1),
('P0008',14,1),
('P0008',15,1),
('P0008',16,1),
('P0008',17,1),
('P0008',18,0),
('P0008',19,0),
('P0008',20,0),
('P0008',21,0),
('P0008',22,0),
('P0009',1,1),
('P0009',2,1),
('P0009',3,1),
('P0009',4,1),
('P0009',5,1),
('P0010',1,1),
('P0010',2,1),
('P0010',3,1),
('P0010',4,1),
('P0011',1,1),
('P0011',2,1),
('P0011',3,1),
('P0011',4,1),
('P0011',5,1),
('P0011',6,1),
('P0011',7,1),
('P0011',8,1),
('P0011',9,1),
('P0011',10,1),
('P0011',11,1),
('P0011',12,1),
('P0011',13,1),
('P0011',14,1),
('P0011',15,1),
('P0011',16,1),
('P0011',17,1),
('P0011',18,1),
('P0011',19,1),
('P0011',20,1),
('P0011',21,1),
('P0011',22,1),
('P0011',23,1),
('P0011',24,1),
('P0011',25,1),
('P0012',1,1),
('P0012',2,1),
('P0012',3,1),
('P0012',4,1),
('P0012',5,1),
('P0012',6,1),
('P0012',7,1),
('P0012',8,0),
('P0012',9,0),
('P0012',10,0),
('P0012',11,0),
('P0012',12,0),
('P0012',13,0),
('P0012',14,0),
('P0012',15,0),
('P0013',1,1),
('P0013',2,1),
('P0013',3,1),
('P0013',4,1),
('P0013',5,1),
('P0013',6,1),
('P0013',7,1),
('P0013',8,1),
('P0013',9,1),
('P0013',10,1),
('P0013',11,1),
('P0013',12,1),
('P0013',13,1),
('P0013',14,1),
('P0013',15,1),
('P0013',16,0),
('P0013',17,0),
('P0013',18,0),
('P0013',19,0),
('P0013',20,0),
('P0013',21,0),
('P0013',22,0),
('P0013',23,0),
('P0013',24,0),
('P0013',25,0),
('P0014',1,1),
('P0014',2,1),
('P0014',3,1),
('P0014',4,0),
('P0014',5,0),
('P0014',6,0),
('P0014',7,0),
('P0014',8,0),
('P0014',9,0),
('P0014',10,0),
('P0014',11,0),
('P0014',12,0),
('P0014',13,0),
('P0014',14,0),
('P0015',1,1),
('P0015',2,1),
('P0015',3,1),
('P0015',4,1),
('P0015',5,0),
('P0015',6,0),
('P0015',7,0),
('P0015',8,0),
('P0015',9,0),
('P0015',10,0),
('P0015',11,0),
('P0015',12,0),
('P0015',13,0),
('P0016',1,1),
('P0016',2,1),
('P0016',3,1),
('P0016',4,1),
('P0016',5,1),
('P0016',6,1),
('P0016',7,1),
('P0016',8,1),
('P0016',9,1),
('P0016',10,1),
('P0016',11,1),
('P0016',12,1),
('P0016',13,1),
('P0016',14,0),
('P0016',15,0),
('P0016',16,0),
('P0016',17,0),
('P0016',18,0),
('P0016',19,0),
('P0016',20,0),
('P0016',21,0),
('P0016',22,0),
('P0016',23,0),
('P0016',24,0),
('P0016',25,0),
('P0017',1,1),
('P0017',2,1),
('P0017',3,1),
('P0017',4,1),
('P0017',5,1),
('P0017',6,1),
('P0017',7,1),
('P0017',8,1),
('P0017',9,1),
('P0017',10,1),
('P0017',11,1),
('P0017',12,1),
('P0017',13,1),
('P0017',14,1),
('P0017',15,1),
('P0017',16,0),
('P0018',1,0),
('P0018',2,0),
('P0018',3,0),
('P0018',4,0),
('P0018',5,0),
('P0018',6,0),
('P0018',7,0),
('P0018',8,0),
('P0018',9,0),
('P0018',10,0),
('P0018',11,0),
('P0018',12,0),
('P0018',13,0),
('P0018',14,0),
('P0018',15,0),
('P0018',16,0),
('P0018',17,0),
('P0018',18,0),
('P0018',19,0),
('P0018',20,0),
('P0018',21,0),
('P0019',1,1),
('P0019',2,1),
('P0019',3,1),
('P0019',4,1),
('P0019',5,1),
('P0019',6,1),
('P0019',7,1),
('P0019',8,1),
('P0019',9,1),
('P0019',10,1),
('P0019',11,1),
('P0019',12,1),
('P0019',13,0),
('P0019',14,0),
('P0019',15,0),
('P0019',16,0),
('P0019',17,0),
('P0020',1,1),
('P0020',2,1),
('P0020',3,1),
('P0020',4,1),
('P0020',5,1),
('P0020',6,1),
('P0020',7,1),
('P0020',8,1),
('P0020',9,1),
('P0020',10,1),
('P0020',11,0),
('P0020',12,0),
('P0020',13,0),
('P0020',14,0),
('P0020',15,0),
('P0020',16,0),
('P0020',17,0),
('P0020',18,0),
('P0020',19,0),
('P0020',20,0),
('P0020',21,0),
('P0020',22,0),
('P0020',23,0),
('P0020',24,0),
('P0020',25,0),
('P0021',1,1),
('P0021',2,1),
('P0021',3,1),
('P0021',4,1),
('P0021',5,1),
('P0021',6,1),
('P0021',7,1),
('P0021',8,1),
('P0021',9,1),
('P0021',10,1),
('P0021',11,1),
('P0021',12,1),
('P0021',13,1),
('P0021',14,1),
('P0021',15,1),
('P0021',16,1),
('P0021',17,1),
('P0021',18,1),
('P0021',19,1),
('P0021',20,1),
('P0021',21,1),
('P0021',22,0),
('P0021',23,0),
('P0022',1,1),
('P0022',2,1),
('P0022',3,1),
('P0022',4,1),
('P0022',5,1),
('P0022',6,1),
('P0022',7,1),
('P0022',8,1),
('P0022',9,1),
('P0022',10,1),
('P0022',11,1),
('P0022',12,1),
('P0022',13,0),
('P0022',14,0),
('P0022',15,0),
('P0022',16,0),
('P0023',1,1),
('P0023',2,1),
('P0023',3,1),
('P0023',4,1),
('P0023',5,1),
('P0023',6,1),
('P0023',7,1),
('P0023',8,1),
('P0023',9,1),
('P0023',10,1),
('P0023',11,1),
('P0023',12,0),
('P0023',13,0),
('P0024',1,1),
('P0024',2,1),
('P0024',3,1),
('P0024',4,1),
('P0024',5,1),
('P0024',6,0),
('P0024',7,0),
('P0024',8,0),
('P0024',9,0),
('P0024',10,0),
('P0024',11,0),
('P0024',12,0),
('P0024',13,0),
('P0024',14,0),
('P0024',15,0),
('P0024',16,0),
('P0024',17,0),
('P0025',1,1),
('P0025',2,1),
('P0025',3,1),
('P0025',4,1),
('P0025',5,1),
('P0025',6,1),
('P0025',7,1),
('P0025',8,1),
('P0025',9,1),
('P0025',10,1),
('P0025',11,1),
('P0025',12,1),
('P0025',13,1),
('P0025',14,1),
('P0025',15,0),
('P0025',16,0),
('P0025',17,0),
('P0025',18,0),
('P0025',19,0),
('P0025',20,0),
('P0025',21,0),
('P0025',22,0),
('P0025',23,0),
('P0026',1,1),
('P0026',2,1),
('P0026',3,1),
('P0026',4,1),
('P0026',5,0),
('P0026',6,0),
('P0026',7,0),
('P0026',8,0),
('P0026',9,0),
('P0026',10,0),
('P0026',11,0),
('P0026',12,0),
('P0026',13,0),
('P0026',14,0),
('P0026',15,0),
('P0026',16,0),
('P0026',17,0),
('P0026',18,0),
('P0027',1,1),
('P0027',2,1),
('P0027',3,1),
('P0027',4,1),
('P0027',5,1),
('P0027',6,1),
('P0027',7,1),
('P0027',8,1),
('P0027',9,1),
('P0027',10,1),
('P0027',11,1),
('P0027',12,1),
('P0027',13,1),
('P0027',14,1),
('P0027',15,1),
('P0027',16,1),
('P0027',17,1),
('P0027',18,1),
('P0027',19,1),
('P0027',20,0),
('P0027',21,0),
('P0027',22,0),
('P0027',23,0),
('P0027',24,0),
('P0027',25,0),
('P0028',1,1),
('P0028',2,1),
('P0028',3,1),
('P0028',4,1),
('P0028',5,1),
('P0028',6,1),
('P0028',7,1),
('P0028',8,1),
('P0028',9,1),
('P0028',10,1),
('P0028',11,1),
('P0028',12,1),
('P0028',13,1),
('P0028',14,1),
('P0028',15,1),
('P0028',16,1),
('P0028',17,1),
('P0028',18,0),
('P0028',19,0),
('P0029',1,0),
('P0029',2,0),
('P0029',3,0),
('P0029',4,0),
('P0029',5,0),
('P0029',6,0),
('P0029',7,0),
('P0029',8,0),
('P0029',9,0),
('P0029',10,0),
('P0029',11,0),
('P0029',12,0),
('P0029',13,0),
('P0029',14,0),
('P0029',15,0),
('P0029',16,0),
('P0029',17,0),
('P0029',18,0),
('P0029',19,0),
('P0029',20,0),
('P0029',21,0),
('P0029',22,0),
('P0029',23,0),
('P0029',24,0),
('P0029',25,0),
('P0030',1,1),
('P0030',2,1),
('P0030',3,1),
('P0030',4,1),
('P0030',5,1),
('P0030',6,1),
('P0030',7,1),
('P0030',8,1),
('P0030',9,1),
('P0030',10,1),
('P0030',11,1),
('P0030',12,1),
('P0030',13,0),
('P0030',14,0),
('P0030',15,0),
('P0030',16,0),
('P0030',17,0),
('P0030',18,0),
('P0030',19,0),
('P0030',20,0),
('P0031',1,1),
('P0031',2,1),
('P0031',3,1),
('P0031',4,1),
('P0031',5,1),
('P0031',6,1),
('P0031',7,1),
('P0031',8,1),
('P0031',9,1),
('P0031',10,0),
('P0031',11,0),
('P0031',12,0),
('P0031',13,0),
('P0031',14,0),
('P0032',1,1),
('P0032',2,1),
('P0032',3,1),
('P0032',4,1),
('P0032',5,1),
('P0032',6,1),
('P0032',7,1),
('P0032',8,1),
('P0032',9,1),
('P0032',10,1),
('P0032',11,1),
('P0032',12,1),
('P0032',13,1),
('P0032',14,1),
('P0032',15,1),
('P0032',16,1),
('P0032',17,1),
('P0032',18,1),
('P0032',19,0),
('P0032',20,0),
('P0032',21,0),
('P0032',22,0),
('P0032',23,0),
('P0032',24,0),
('P0032',25,0),
('P0033',1,1),
('P0033',2,1),
('P0033',3,1),
('P0033',4,1),
('P0033',5,1),
('P0033',6,1),
('P0033',7,1),
('P0033',8,1),
('P0033',9,1),
('P0033',10,1),
('P0034',1,0),
('P0034',2,0),
('P0034',3,0),
('P0034',4,0),
('P0034',5,0),
('P0035',1,1),
('P0035',2,1),
('P0035',3,0),
('P0035',4,0),
('P0035',5,0),
('P0035',6,0),
('P0035',7,0),
('P0035',8,0),
('P0035',9,0),
('P0035',10,0),
('P0035',11,0),
('P0035',12,0),
('P0035',13,0),
('P0035',14,0),
('P0035',15,0),
('P0035',16,0),
('P0035',17,0),
('P0035',18,0),
('P0035',19,0),
('P0035',20,0),
('P0035',21,0),
('P0035',22,0),
('P0035',23,0),
('P0036',1,1),
('P0036',2,1),
('P0036',3,1),
('P0036',4,1),
('P0036',5,1),
('P0036',6,1),
('P0036',7,1),
('P0036',8,1),
('P0036',9,1),
('P0036',10,1),
('P0036',11,1),
('P0036',12,1),
('P0036',13,1),
('P0036',14,0),
('P0036',15,0),
('P0036',16,0),
('P0036',17,0),
('P0036',18,0),
('P0037',1,1),
('P0037',2,1),
('P0037',3,0),
('P0037',4,0),
('P0037',5,0),
('P0037',6,0),
('P0037',7,0),
('P0037',8,0),
('P0037',9,0),
('P0037',10,0),
('P0038',1,1),
('P0038',2,1),
('P0038',3,1),
('P0038',4,1),
('P0038',5,1),
('P0038',6,1),
('P0038',7,1),
('P0038',8,1),
('P0038',9,1),
('P0038',10,1),
('P0038',11,1),
('P0038',12,1),
('P0038',13,1),
('P0038',14,1),
('P0038',15,0),
('P0038',16,0),
('P0038',17,0),
('P0038',18,0),
('P0038',19,0),
('P0039',1,1),
('P0039',2,1),
('P0039',3,0),
('P0039',4,0),
('P0039',5,0),
('P0039',6,0),
('P0039',7,0),
('P0039',8,0),
('P0040',1,0),
('P0040',2,0),
('P0040',3,0),
('P0040',4,0),
('P0040',5,0),
('P0040',6,0),
('P0040',7,0),
('P0041',1,1),
('P0041',2,1),
('P0041',3,1),
('P0041',4,1),
('P0041',5,0),
('P0041',6,0),
('P0041',7,0),
('P0041',8,0),
('P0041',9,0),
('P0041',10,0),
('P0041',11,0),
('P0042',1,1),
('P0042',2,1),
('P0042',3,1),
('P0042',4,1),
('P0042',5,1),
('P0042',6,1),
('P0042',7,1),
('P0042',8,1),
('P0042',9,1),
('P0042',10,1),
('P0042',11,1),
('P0042',12,1),
('P0042',13,0),
('P0042',14,0),
('P0042',15,0),
('P0042',16,0),
('P0042',17,0),
('P0042',18,0),
('P0043',1,1),
('P0043',2,1),
('P0043',3,1),
('P0043',4,1),
('P0043',5,1),
('P0043',6,0),
('P0043',7,0),
('P0043',8,0),
('P0043',9,0),
('P0043',10,0),
('P0043',11,0),
('P0044',1,1),
('P0044',2,1),
('P0044',3,1),
('P0044',4,1),
('P0044',5,1),
('P0044',6,1),
('P0044',7,0),
('P0044',8,0),
('P0044',9,0),
('P0044',10,0),
('P0044',11,0),
('P0044',12,0),
('P0044',13,0),
('P0044',14,0),
('P0044',15,0),
('P0044',16,0),
('P0044',17,0),
('P0044',18,0),
('P0045',1,1),
('P0045',2,1),
('P0045',3,1),
('P0045',4,1),
('P0045',5,1),
('P0045',6,1),
('P0045',7,1),
('P0045',8,1),
('P0045',9,1),
('P0045',10,1),
('P0045',11,1),
('P0045',12,1),
('P0045',13,1),
('P0045',14,1),
('P0045',15,0),
('P0045',16,0),
('P0045',17,0),
('P0045',18,0),
('P0045',19,0),
('P0045',20,0),
('P0045',21,0),
('P0045',22,0),
('P0045',23,0),
('P0045',24,0),
('P0045',25,0),
('P0046',1,1),
('P0046',2,1),
('P0046',3,1),
('P0046',4,1),
('P0046',5,1),
('P0046',6,1),
('P0046',7,1),
('P0046',8,1),
('P0046',9,1),
('P0046',10,1),
('P0046',11,0),
('P0046',12,0),
('P0046',13,0),
('P0046',14,0),
('P0046',15,0),
('P0046',16,0),
('P0046',17,0),
('P0046',18,0),
('P0046',19,0),
('P0046',20,0),
('P0046',21,0),
('P0046',22,0),
('P0046',23,0),
('P0047',1,1),
('P0047',2,1),
('P0047',3,1),
('P0047',4,1),
('P0047',5,1),
('P0047',6,1),
('P0047',7,1),
('P0047',8,1),
('P0047',9,1),
('P0047',10,1),
('P0047',11,0),
('P0047',12,0),
('P0047',13,0),
('P0047',14,0),
('P0047',15,0),
('P0047',16,0),
('P0047',17,0),
('P0047',18,0),
('P0047',19,0),
('P0047',20,0),
('P0047',21,0),
('P0047',22,0),
('P0047',23,0),
('P0048',1,1),
('P0048',2,1),
('P0048',3,1),
('P0048',4,1),
('P0048',5,1),
('P0048',6,1),
('P0048',7,1),
('P0048',8,1),
('P0048',9,1),
('P0048',10,1),
('P0048',11,1),
('P0048',12,1),
('P0048',13,0),
('P0048',14,0),
('P0048',15,0),
('P0048',16,0),
('P0048',17,0),
('P0049',1,1),
('P0049',2,1),
('P0049',3,1),
('P0049',4,1),
('P0049',5,1),
('P0049',6,1),
('P0049',7,1),
('P0049',8,1),
('P0049',9,0),
('P0049',10,0),
('P0049',11,0),
('P0049',12,0),
('P0049',13,0),
('P0049',14,0),
('P0049',15,0),
('P0049',16,0),
('P0049',17,0),
('P0049',18,0),
('P0050',1,1),
('P0050',2,1),
('P0050',3,1),
('P0050',4,1),
('P0050',5,1),
('P0050',6,1),
('P0050',7,1),
('P0050',8,1),
('P0050',9,1),
('P0050',10,1),
('P0050',11,1),
('P0050',12,1),
('P0050',13,1),
('P0050',14,0),
('P0050',15,0),
('P0050',16,0),
('P0050',17,0),
('P0050',18,0);

-- --------------------------------------------------------

--
-- Cấu trúc bảng cho bảng `hoadon`
--

CREATE TABLE `hoadon` (
  `MAHD` varchar(50) NOT NULL,
  `MABHYT` varchar(50) NOT NULL,
  `MADT` varchar(50) NOT NULL,
  `MABN` varchar(50) NOT NULL,
  `tongtien` float NOT NULL
) ENGINE=InnoDB DEFAULT CHARSET=utf8mb4 COLLATE=utf8mb4_general_ci;

--
-- Đang đổ dữ liệu cho bảng `hoadon`
--

INSERT INTO `hoadon` (`MAHD`, `MABHYT`, `MADT`, `MABN`, `tongtien`) VALUES
('HD00001','BHYT00005','DT00085','BN0046',250000),
('HD00002','BHYT00061','DT00060','BN0070',220000),
('HD00003','BHYT00071','DT00057','BN0018',180000),
('HD00004','BHYT00076','DT00077','BN0059',300000),
('HD00005','BHYT00068','DT00082','BN0082',220000),
('HD00006','BHYT00045','DT00062','BN0070',200000),
('HD00007','BHYT00012','DT00057','BN0040',250000),
('HD00008','BHYT00053','DT00034','BN0020',220000),
('HD00009','BHYT00002','DT00001','BN0067',180000),
('HD00010','BHYT00045','DT00037','BN0061',120000),
('HD00011','BHYT00089','DT00063','BN0097',350000),
('HD00012','BHYT00039','DT00002','BN0099',300000),
('HD00013','BHYT00038','DT00077','BN0030',120000),
('HD00014','BHYT00071','DT00048','BN0025',300000),
('HD00015','BHYT00072','DT00056','BN0051',200000),
('HD00016','BHYT00021','DT00092','BN0095',300000),
('HD00017','BHYT00049','DT00029','BN0034',150000),
('HD00018','BHYT00055','DT00081','BN0031',220000),
('HD00019','BHYT00037','DT00084','BN0096',220000),
('HD00020','BHYT00053','DT00025','BN0009',180000),
('HD00021','BHYT00018','DT00038','BN0015',350000),
('HD00022','BHYT00080','DT00058','BN0035',350000),
('HD00023','BHYT00025','DT00042','BN0003',180000),
('HD00024','BHYT00007','DT00069','BN0003',180000),
('HD00025','BHYT00014','DT00037','BN0035',180000),
('HD00026','BHYT00092','DT00057','BN0094',120000),
('HD00027','BHYT00030','DT00012','BN0020',120000),
('HD00028','BHYT00064','DT00028','BN0044',300000),
('HD00029','BHYT00040','DT00064','BN0048',350000),
('HD00030','BHYT00090','DT00005','BN0043',150000),
('HD00031','BHYT00097','DT00019','BN0008',220000),
('HD00032','BHYT00100','DT00051','BN0010',350000),
('HD00033','BHYT00024','DT00025','BN0033',300000),
('HD00034','BHYT00002','DT00016','BN0099',200000),
('HD00035','BHYT00050','DT00099','BN0057',200000),
('HD00036','BHYT00095','DT00005','BN0026',350000),
('HD00037','BHYT00095','DT00099','BN0013',200000),
('HD00038','BHYT00061','DT00050','BN0088',220000),
('HD00039','BHYT00042','DT00021','BN0081',120000),
('HD00040','BHYT00096','DT00071','BN0067',150000),
('HD00041','BHYT00033','DT00062','BN0082',220000),
('HD00042','BHYT00026','DT00047','BN0007',200000),
('HD00043','BHYT00015','DT00031','BN0082',300000),
('HD00044','BHYT00042','DT00002','BN0022',220000),
('HD00045','BHYT00075','DT00016','BN0051',200000),
('HD00046','BHYT00002','DT00006','BN0075',350000),
('HD00047','BHYT00089','DT00077','BN0020',250000),
('HD00048','BHYT00099','DT00012','BN0032',180000),
('HD00049','BHYT00064','DT00012','BN0088',250000),
('HD00050','BHYT00098','DT00081','BN0008',120000),
('HD00051','BHYT00046','DT00083','BN0020',150000),
('HD00052','BHYT00017','DT00063','BN0030',250000),
('HD00053','BHYT00072','DT00083','BN0097',250000),
('HD00054','BHYT00057','DT00094','BN0025',120000),
('HD00055','BHYT00089','DT00049','BN0046',180000),
('HD00056','BHYT00033','DT00006','BN0063',350000),
('HD00057','BHYT00072','DT00038','BN0070',350000),
('HD00058','BHYT00025','DT00073','BN0024',250000),
('HD00059','BHYT00042','DT00094','BN0060',220000),
('HD00060','BHYT00077','DT00071','BN0021',150000),
('HD00061','BHYT00068','DT00020','BN0058',220000),
('HD00062','BHYT00034','DT00070','BN0047',350000),
('HD00063','BHYT00001','DT00100','BN0082',300000),
('HD00064','BHYT00094','DT00024','BN0003',250000),
('HD00065','BHYT00100','DT00080','BN0031',250000),
('HD00066','BHYT00093','DT00009','BN0085',300000),
('HD00067','BHYT00025','DT00068','BN0088',350000),
('HD00068','BHYT00099','DT00071','BN0020',220000),
('HD00069','BHYT00042','DT00053','BN0083',250000),
('HD00070','BHYT00015','DT00013','BN0067',150000),
('HD00071','BHYT00006','DT00017','BN0023',120000),
('HD00072','BHYT00026','DT00014','BN0063',200000),
('HD00073','BHYT00013','DT00005','BN0074',300000),
('HD00074','BHYT00085','DT00063','BN0068',220000),
('HD00075','BHYT00007','DT00047','BN0029',150000),
('HD00076','BHYT00002','DT00027','BN0084',350000),
('HD00077','BHYT00011','DT00060','BN0082',120000),
('HD00078','BHYT00047','DT00072','BN0096',300000),
('HD00079','BHYT00048','DT00091','BN0008',220000),
('HD00080','BHYT00068','DT00006','BN0094',150000),
('HD00081','BHYT00039','DT00010','BN0028',150000),
('HD00082','BHYT00013','DT00093','BN0030',300000),
('HD00083','BHYT00025','DT00025','BN0068',200000),
('HD00084','BHYT00073','DT00081','BN0023',300000),
('HD00085','BHYT00096','DT00014','BN0099',250000),
('HD00086','BHYT00087','DT00059','BN0090',300000),
('HD00087','BHYT00014','DT00022','BN0024',300000),
('HD00088','BHYT00065','DT00044','BN0085',180000),
('HD00089','BHYT00069','DT00077','BN0057',250000),
('HD00090','BHYT00041','DT00071','BN0042',250000),
('HD00091','BHYT00053','DT00098','BN0082',300000),
('HD00092','BHYT00093','DT00042','BN0078',200000),
('HD00093','BHYT00073','DT00070','BN0028',300000),
('HD00094','BHYT00099','DT00071','BN0096',220000),
('HD00095','BHYT00047','DT00058','BN0058',300000),
('HD00096','BHYT00001','DT00093','BN0005',220000),
('HD00097','BHYT00077','DT00003','BN0067',180000),
('HD00098','BHYT00039','DT00001','BN0039',200000),
('HD00099','BHYT00028','DT00041','BN0003',220000),
('HD00100','BHYT00071','DT00066','BN0072',180000);

-- --------------------------------------------------------

--
-- Cấu trúc bảng cho bảng `khoa`
--

CREATE TABLE `khoa` (
  `MAKHOA` varchar(50) NOT NULL,
  `tenkhoa` varchar(255) NOT NULL,
  `MATRG` varchar(50) DEFAULT NULL
) ENGINE=InnoDB DEFAULT CHARSET=utf8mb4 COLLATE=utf8mb4_general_ci;

--
-- Đang đổ dữ liệu cho bảng `khoa`
--

INSERT INTO `khoa` (`MAKHOA`, `tenkhoa`, `MATRG`) VALUES
('K0001','Da liễu','BS0001'),
('K0002','Mắt','BS0002'),
('K0003','Ngoại tổng quát','BS0003'),
('K0004','Nội tổng quát','BS0004'),
('K0005','Hồi sức cấp cứu','BS0005'),
('K0006','Tai Mũi Họng','BS0006'),
('K0007','Nội tổng quát','BS0007'),
('K0008','Ngoại tổng quát','BS0008'),
('K0009','Nội tổng quát','BS0009'),
('K0010','Răng Hàm Mặt','BS0010'),


-- --------------------------------------------------------

--
-- Cấu trúc bảng cho bảng `lamviec`
--

CREATE TABLE `lamviec` (
  `MAKHOA` varchar(50) NOT NULL,
  `MABS` varchar(50) NOT NULL,
  `namkn` int(11) NOT NULL
) ENGINE=InnoDB DEFAULT CHARSET=utf8mb4 COLLATE=utf8mb4_general_ci;

--
-- Đang đổ dữ liệu cho bảng `lamviec`
--

INSERT INTO `lamviec` (`MAKHOA`, `MABS`, `namkn`) VALUES
('K0001','BS0001',2),
('K0006','BS0002',16),
('K0006','BS0003',8),
('K0009','BS0004',7),
('K0008','BS0005',15),
('K0009','BS0006',12),
('K0005','BS0007',10),
('K0004','BS0008',8),
('K0001','BS0009',8),
('K0007','BS0010',1),
('K0005','BS0011',22),
('K0007','BS0012',7),
('K0001','BS0013',13),
('K0010','BS0014',11),
('K0002','BS0015',9),
('K0010','BS0016',3),
('K0006','BS0017',25),
('K0009','BS0018',9),
('K0001','BS0019',12),
('K0002','BS0020',21);

-- --------------------------------------------------------

--
-- Cấu trúc bảng cho bảng `nhapvien`
--

CREATE TABLE `nhapvien` (
  `MABN` varchar(50) NOT NULL,
  `ngaynv` datetime NOT NULL,
  `MAPHG` varchar(50) NOT NULL,
  `sogiuong` int(11) NOT NULL
) ENGINE=InnoDB DEFAULT CHARSET=utf8mb4 COLLATE=utf8mb4_general_ci;

--
-- Đang đổ dữ liệu cho bảng `nhapvien`
--

INSERT INTO `nhapvien` (`MABN`, `ngaynv`, `MAPHG`, `sogiuong`) VALUES
('BN0001','2025-12-17','P0001',2),
('BN0002','2025-11-21','P0031',3),
('BN0003','2025-12-02','P0010',2),
('BN0004','2025-12-19','P0003',5),
('BN0005','2025-12-15','P0046',4),
('BN0006','2025-11-27','P0021',2),
('BN0007','2025-12-03','P0047',3),
('BN0008','2025-11-28','P0005',5),
('BN0009','2025-12-01','P0008',5),
('BN0010','2025-12-11','P0004',2),
('BN0011','2025-11-27','P0034',1),
('BN0012','2025-12-20','P0026',1),
('BN0013','2025-12-18','P0030',3),
('BN0014','2025-12-14','P0020',3),
('BN0015','2025-11-22','P0036',4),
('BN0016','2025-11-20','P0024',2),
('BN0017','2025-11-29','P0037',3),
('BN0018','2025-12-13','P0040',2),
('BN0019','2025-12-04','P0024',5),
('BN0020','2025-12-05','P0050',2),
('BN0021','2025-12-13','P0035',2),
('BN0022','2025-11-24','P0001',4),
('BN0023','2025-11-20','P0015',5),
('BN0024','2025-12-01','P0041',1),
('BN0025','2025-12-20','P0022',1),
('BN0026','2025-12-14','P0043',4),
('BN0027','2025-12-17','P0048',3),
('BN0028','2025-11-23','P0014',5),
('BN0029','2025-11-27','P0027',4),
('BN0030','2025-12-20','P0004',2),
('BN0031','2025-12-12','P0018',1),
('BN0032','2025-11-21','P0015',5),
('BN0033','2025-12-03','P0045',3),
('BN0034','2025-12-04','P0048',1),
('BN0035','2025-12-08','P0007',5),
('BN0036','2025-11-24','P0041',4),
('BN0037','2025-11-22','P0038',5),
('BN0038','2025-11-21','P0028',2),
('BN0039','2025-11-27','P0019',3),
('BN0040','2025-12-17','P0021',4),
('BN0041','2025-12-12','P0048',3),
('BN0042','2025-11-30','P0029',3),
('BN0043','2025-11-27','P0005',2),
('BN0044','2025-11-24','P0050',5),
('BN0045','2025-11-23','P0010',1),
('BN0046','2025-11-25','P0029',4),
('BN0047','2025-11-30','P0027',1),
('BN0048','2025-12-07','P0023',2),
('BN0049','2025-12-04','P0020',4),
('BN0050','2025-11-28','P0008',1),
('BN0051','2025-11-25','P0044',3),
('BN0052','2025-12-16','P0046',5),
('BN0053','2025-11-21','P0014',3),
('BN0054','2025-11-24','P0006',2),
('BN0055','2025-12-20','P0023',4),
('BN0056','2025-12-06','P0004',3),
('BN0057','2025-11-28','P0012',1),
('BN0058','2025-12-20','P0026',4),
('BN0059','2025-12-07','P0048',5),
('BN0060','2025-11-27','P0007',4),
('BN0061','2025-11-23','P0009',1),
('BN0062','2025-11-20','P0004',2),
('BN0063','2025-11-24','P0013',4),
('BN0064','2025-12-01','P0044',1),
('BN0065','2025-12-08','P0038',3),
('BN0066','2025-12-19','P0005',1),
('BN0067','2025-11-22','P0013',4),
('BN0068','2025-12-15','P0009',1),
('BN0069','2025-12-18','P0022',1),
('BN0070','2025-11-21','P0030',1),
('BN0071','2025-11-25','P0037',4),
('BN0072','2025-12-16','P0047',4),
('BN0073','2025-12-05','P0002',4),
('BN0074','2025-12-11','P0028',2),
('BN0075','2025-12-01','P0014',2),
('BN0076','2025-11-28','P0018',4),
('BN0077','2025-12-18','P0010',1),
('BN0078','2025-12-09','P0040',5),
('BN0079','2025-11-27','P0042',3),
('BN0080','2025-12-05','P0027',5),
('BN0081','2025-12-05','P0004',1),
('BN0082','2025-11-28','P0025',2),
('BN0083','2025-12-03','P0013',5),
('BN0084','2025-11-27','P0041',5),
('BN0085','2025-12-15','P0002',4),
('BN0086','2025-12-15','P0046',3),
('BN0087','2025-12-05','P0035',4),
('BN0088','2025-12-01','P0037',5),
('BN0089','2025-11-30','P0025',3),
('BN0090','2025-11-25','P0002',3),
('BN0091','2025-12-09','P0015',1),
('BN0092','2025-12-18','P0050',3),
('BN0093','2025-11-21','P0031',5),
('BN0094','2025-12-01','P0050',5),
('BN0095','2025-11-27','P0011',1),
('BN0096','2025-11-27','P0043',2),
('BN0097','2025-11-28','P0035',1),
('BN0098','2025-12-14','P0015',5),
('BN0099','2025-12-17','P0025',3),
('BN0100','2025-12-19','P0012',2);

-- --------------------------------------------------------

--
-- Cấu trúc bảng cho bảng `phongbenh`
--

CREATE TABLE `phongbenh` (
  `MAPHG` varchar(50) NOT NULL,
  `MAKHOA` varchar(50) NOT NULL,
  `sogiuong` int(11) NOT NULL,
  `gia` float NOT NULL
) ENGINE=InnoDB DEFAULT CHARSET=utf8mb4 COLLATE=utf8mb4_general_ci;

--
-- Đang đổ dữ liệu cho bảng `phongbenh`
--

INSERT INTO `phongbenh` (`MAPHG`, `MAKHOA`, `sogiuong`, `gia`) VALUES
('P0001','K0009',16,500000),
('P0002','K0009',14,200000),
('P0003','K0002',12,250000),
('P0004','K0010',12,200000),
('P0005','K0002',23,350000),
('P0006','K0006',14,350000),
('P0007','K0010',20,200000),
('P0008','K0007',22,250000),
('P0009','K0005',5,500000),
('P0010','K0007',4,400000),
('P0011','K0009',25,500000),
('P0012','K0004',15,350000),
('P0013','K0002',25,300000),
('P0014','K0010',14,500000),
('P0015','K0002',13,400000),
('P0016','K0005',25,350000),
('P0017','K0006',16,500000),
('P0018','K0005',21,250000),
('P0019','K0004',17,500000),
('P0020','K0007',25,500000),
('P0021','K0003',23,400000),
('P0022','K0005',16,400000),
('P0023','K0001',13,300000),
('P0024','K0004',17,600000),
('P0025','K0010',23,500000),
('P0026','K0006',18,350000),
('P0027','K0008',25,250000),
('P0028','K0009',19,600000),
('P0029','K0003',25,200000),
('P0030','K0005',20,500000),
('P0031','K0010',14,200000),
('P0032','K0004',25,300000),
('P0033','K0004',10,250000),
('P0034','K0001',5,250000),
('P0035','K0008',23,600000),
('P0036','K0002',18,350000),
('P0037','K0010',10,500000),
('P0038','K0007',19,350000),
('P0039','K0004',8,500000),
('P0040','K0001',7,600000),
('P0041','K0007',11,250000),
('P0042','K0009',18,200000),
('P0043','K0009',11,600000),
('P0044','K0002',18,250000),
('P0045','K0008',25,400000),
('P0046','K0009',23,300000),
('P0047','K0008',23,600000),
('P0048','K0009',17,600000),
('P0049','K0009',18,250000),
('P0050','K0008',18,300000);

-- --------------------------------------------------------

--
-- Cấu trúc bảng cho bảng `sokhambenh`
--

CREATE TABLE `sokhambenh` (
  `MASKB` varchar(50) NOT NULL,
  `MABN` varchar(50) NOT NULL,
  `ngaykham` datetime NOT NULL,
  `tenbenh` varchar(255) NOT NULL,
  `giaidoan` varchar(50) NOT NULL,
  `tinhtrang` varchar(50) NOT NULL,
  `MADT` varchar(50) NOT NULL,
  `MAKHOA` varchar(50) NOT NULL
) ENGINE=InnoDB DEFAULT CHARSET=utf8mb4 COLLATE=utf8mb4_general_ci;

--
-- Đang đổ dữ liệu cho bảng `sokhambenh`
--

INSERT INTO `sokhambenh` (`MASKB`, `MABN`, `ngaykham`, `tenbenh`, `giaidoan`, `tinhtrang`, `MADT`, `MAKHOA`) VALUES
('SKB00001','BN0009','2025-12-18','Rối loạn tiền đình','Điều trị ngoại trú (kê đơn)','Thuyên giảm','DT00046','K0009'),
('SKB00002','BN0014','2025-12-10','Thoái hóa cột sống','Điều trị ngoại trú (kê đơn)','Ổn định','DT00098','K0008'),
('SKB00003','BN0049','2025-12-12','Thoát vị đĩa đệm','Điều trị ngoại trú (kê đơn)','Ổn định','DT00029','K0003'),
('SKB00004','BN0096','2025-12-12','Thoái hóa cột sống','Theo dõi tại nhà','Ổn định','DT00082','K0003'),
('SKB00005','BN0039','2025-12-16','Viêm da cơ địa','Tái khám định kỳ','Nặng lên','DT00083','K0006'),
('SKB00006','BN0002','2025-12-14','Viêm da cơ địa','Điều trị ngoại trú (kê đơn)','Ổn định','DT00074','K0010'),
('SKB00007','BN0051','2025-12-14','Đái tháo đường type 2','Điều trị ngoại trú (kê đơn)','Ổn định','DT00095','K0006'),
('SKB00008','BN0028','2025-12-12','Mề đay dị ứng','Chuyển tuyến trên','Ổn định','DT00024','K0004'),
('SKB00009','BN0079','2025-12-19','COPD','Điều trị ngoại trú (kê đơn)','Đang tiến triển tốt','DT00073','K0001'),
('SKB00010','BN0097','2025-12-20','Sốt siêu vi','Nhập viện nội trú','Đang tiến triển tốt','DT00010','K0005'),
('SKB00011','BN0086','2025-12-07','COPD','Điều trị ngoại trú (kê đơn)','Đang tiến triển tốt','DT00043','K0006'),
('SKB00012','BN0017','2025-12-16','Suy tim','Điều trị ngoại trú (kê đơn)','Đang tiến triển tốt','DT00025','K0006'),
('SKB00013','BN0063','2025-12-13','Trào ngược dạ dày (GERD)','Nhập viện nội trú','Đang tiến triển tốt','DT00020','K0010'),
('SKB00014','BN0073','2025-12-11','Thoái hóa cột sống','Tái khám định kỳ','Ổn định','DT00041','K0004'),
('SKB00015','BN0029','2025-12-17','Đau đầu vận mạch','Điều trị ngoại trú (kê đơn)','Thuyên giảm','DT00018','K0006'),
('SKB00016','BN0062','2025-12-13','Gan nhiễm mỡ','Theo dõi tại nhà','Đang tiến triển tốt','DT00014','K0003'),
('SKB00017','BN0083','2025-12-15','Viêm họng cấp','Điều trị ngoại trú (kê đơn)','Thuyên giảm','DT00069','K0004'),
('SKB00018','BN0034','2025-12-17','Viêm da cơ địa','Điều trị ngoại trú (kê đơn)','Ổn định','DT00003','K0009'),
('SKB00019','BN0081','2025-12-06','Thoái hóa cột sống','Nhập viện nội trú','Thuyên giảm','DT00028','K0001'),
('SKB00020','BN0071','2025-12-10','Đái tháo đường type 2','Tái khám định kỳ','Đang tiến triển tốt','DT00100','K0003'),
('SKB00021','BN0047','2025-12-12','Viêm xoang mạn','Theo dõi tại nhà','Thuyên giảm','DT00038','K0003'),
('SKB00022','BN0060','2025-12-14','Tăng huyết áp','Điều trị ngoại trú (kê đơn)','Đang tiến triển tốt','DT00085','K0004'),
('SKB00023','BN0079','2025-12-16','Hen phế quản','Nhập viện nội trú','Đang tiến triển tốt','DT00023','K0010'),
('SKB00024','BN0073','2025-12-16','Viêm da cơ địa','Điều trị ngoại trú (kê đơn)','Thuyên giảm','DT00046','K0001'),
('SKB00025','BN0029','2025-12-18','Tăng huyết áp','Điều trị ngoại trú (kê đơn)','Ổn định','DT00006','K0004'),
('SKB00026','BN0067','2025-12-20','Thoái hóa cột sống','Điều trị ngoại trú (kê đơn)','Tiên lượng dè dặt','DT00006','K0001'),
('SKB00027','BN0084','2025-12-11','Viêm phế quản','Tái khám định kỳ','Đang tiến triển tốt','DT00036','K0005'),
('SKB00028','BN0075','2025-12-14','Đái tháo đường type 2','Điều trị ngoại trú (kê đơn)','Ổn định','DT00076','K0002'),
('SKB00029','BN0067','2025-12-10','Rối loạn tiêu hóa','Tư vấn sức khỏe','Đang tiến triển tốt','DT00046','K0006'),
('SKB00030','BN0063','2025-12-18','Tăng huyết áp','Nhập viện nội trú','Đang tiến triển tốt','DT00018','K0008'),
('SKB00031','BN0022','2025-12-09','Viêm họng cấp','Nhập viện nội trú','Ổn định','DT00024','K0003'),
('SKB00032','BN0047','2025-12-15','Đau đầu vận mạch','Điều trị ngoại trú (kê đơn)','Ổn định','DT00043','K0002'),
('SKB00033','BN0062','2025-12-16','Tăng huyết áp','Điều trị ngoại trú (kê đơn)','Ổn định','DT00053','K0001'),
('SKB00034','BN0032','2025-12-06','Viêm phổi','Nhập viện nội trú','Ổn định','DT00066','K0001'),
('SKB00035','BN0074','2025-12-08','Viêm họng cấp','Điều trị ngoại trú (kê đơn)','Ổn định','DT00052','K0010'),
('SKB00036','BN0073','2025-12-16','Cúm A/B','Theo dõi tại nhà','Đang tiến triển tốt','DT00037','K0002'),
('SKB00037','BN0028','2025-12-13','Rối loạn lipid máu','Điều trị ngoại trú (kê đơn)','Đang tiến triển tốt','DT00029','K0007'),
('SKB00038','BN0077','2025-12-08','Thoái hóa cột sống','Theo dõi tại nhà','Ổn định','DT00085','K0009'),
('SKB00039','BN0034','2025-12-08','Đau đầu vận mạch','Điều trị ngoại trú (kê đơn)','Đang tiến triển tốt','DT00076','K0002'),
('SKB00040','BN0030','2025-12-12','Rối loạn tiêu hóa','Điều trị ngoại trú (kê đơn)','Ổn định','DT00065','K0007'),
('SKB00041','BN0020','2025-12-15','Viêm phế quản','Điều trị ngoại trú (kê đơn)','Đang tiến triển tốt','DT00005','K0009'),
('SKB00042','BN0065','2025-12-18','Viêm phế quản','Điều trị ngoại trú (kê đơn)','Ổn định','DT00078','K0009'),
('SKB00043','BN0001','2025-12-20','Nhiễm trùng đường tiết niệu','Nhập viện nội trú','Đang tiến triển tốt','DT00054','K0006'),
('SKB00044','BN0006','2025-12-17','Đái tháo đường type 2','Điều trị ngoại trú (kê đơn)','Thuyên giảm','DT00099','K0007'),
('SKB00045','BN0045','2025-12-15','Thoái hóa cột sống','Tư vấn sức khỏe','Thuyên giảm','DT00074','K0002'),
('SKB00046','BN0055','2025-12-08','Viêm dạ dày - tá tràng','Theo dõi tại nhà','Tiên lượng dè dặt','DT00011','K0005'),
('SKB00047','BN0077','2025-12-20','Đái tháo đường type 2','Điều trị ngoại trú (kê đơn)','Ổn định','DT00096','K0001'),
('SKB00048','BN0074','2025-12-14','Viêm phế quản','Điều trị ngoại trú (kê đơn)','Đang tiến triển tốt','DT00089','K0006'),
('SKB00049','BN0053','2025-12-11','Viêm phế quản','Điều trị ngoại trú (kê đơn)','Đang tiến triển tốt','DT00034','K0009'),
('SKB00050','BN0055','2025-12-15','Rối loạn tiêu hóa','Điều trị ngoại trú (kê đơn)','Đang tiến triển tốt','DT00097','K0004'),
('SKB00051','BN0053','2025-12-14','Thoái hóa cột sống','Điều trị ngoại trú (kê đơn)','Ổn định','DT00072','K0008'),
('SKB00052','BN0033','2025-12-10','Đái tháo đường type 2','Theo dõi tại nhà','Ổn định','DT00018','K0002'),
('SKB00053','BN0096','2025-12-09','Gan nhiễm mỡ','Nhập viện nội trú','Ổn định','DT00028','K0009'),
('SKB00054','BN0052','2025-12-18','Trào ngược dạ dày (GERD)','Nhập viện nội trú','Đang tiến triển tốt','DT00091','K0001'),
('SKB00055','BN0021','2025-12-12','Sốt xuất huyết','Điều trị ngoại trú (kê đơn)','Ổn định','DT00019','K0008'),
('SKB00056','BN0077','2025-12-12','Viêm phế quản','Điều trị ngoại trú (kê đơn)','Ổn định','DT00078','K0001'),
('SKB00057','BN0093','2025-12-12','Nhiễm trùng đường tiết niệu','Điều trị ngoại trú (kê đơn)','Đang tiến triển tốt','DT00037','K0010'),
('SKB00058','BN0008','2025-12-18','Thoát vị đĩa đệm','Nhập viện nội trú','Đang tiến triển tốt','DT00026','K0009'),
('SKB00059','BN0037','2025-12-09','Cúm A/B','Nhập viện nội trú','Đang tiến triển tốt','DT00030','K0010'),
('SKB00060','BN0022','2025-12-16','Cúm A/B','Điều trị ngoại trú (kê đơn)','Ổn định','DT00021','K0002'),
('SKB00061','BN0036','2025-12-18','Hội chứng ruột kích thích','Nhập viện nội trú','Đang tiến triển tốt','DT00026','K0009'),
('SKB00062','BN0002','2025-12-17','Béo phì','Tư vấn sức khỏe','Đang tiến triển tốt','DT00093','K0009'),
('SKB00063','BN0075','2025-12-11','Trào ngược dạ dày (GERD)','Theo dõi tại nhà','Ổn định','DT00025','K0008'),
('SKB00064','BN0052','2025-12-15','Cúm A/B','Điều trị ngoại trú (kê đơn)','Đang tiến triển tốt','DT00072','K0002'),
('SKB00065','BN0065','2025-12-10','Trào ngược dạ dày (GERD)','Điều trị ngoại trú (kê đơn)','Đang tiến triển tốt','DT00033','K0009'),
('SKB00066','BN0074','2025-12-10','Béo phì','Tái khám định kỳ','Đang tiến triển tốt','DT00099','K0004'),
('SKB00067','BN0097','2025-12-11','Sốt xuất huyết','Điều trị ngoại trú (kê đơn)','Đang tiến triển tốt','DT00076','K0001'),
('SKB00068','BN0062','2025-12-07','Viêm dạ dày - tá tràng','Điều trị ngoại trú (kê đơn)','Thuyên giảm','DT00029','K0004'),
('SKB00069','BN0041','2025-12-12','Sốt xuất huyết','Nhập viện nội trú','Ổn định','DT00034','K0004'),
('SKB00070','BN0037','2025-12-07','Hội chứng ruột kích thích','Theo dõi tại nhà','Ổn định','DT00071','K0003'),
('SKB00071','BN0061','2025-12-11','Rối loạn tiêu hóa','Chuyển tuyến trên','Ổn định','DT00096','K0004'),
('SKB00072','BN0064','2025-12-17','Viêm mũi dị ứng','Theo dõi tại nhà','Nặng lên','DT00027','K0004'),
('SKB00073','BN0026','2025-12-19','COPD','Nhập viện nội trú','Ổn định','DT00014','K0002'),
('SKB00074','BN0011','2025-12-16','Sốt xuất huyết','Điều trị ngoại trú (kê đơn)','Ổn định','DT00070','K0001'),
('SKB00075','BN0062','2025-12-11','Rối loạn lipid máu','Điều trị ngoại trú (kê đơn)','Nguy kịch','DT00074','K0005'),
('SKB00076','BN0063','2025-12-08','Sốt siêu vi','Tư vấn sức khỏe','Ổn định','DT00029','K0010'),
('SKB00077','BN0017','2025-12-06','Tăng huyết áp','Điều trị ngoại trú (kê đơn)','Tiên lượng dè dặt','DT00005','K0009'),
('SKB00078','BN0045','2025-12-12','Đau thần kinh tọa','Theo dõi tại nhà','Đang tiến triển tốt','DT00016','K0009'),
('SKB00079','BN0059','2025-12-11','Béo phì','Điều trị ngoại trú (kê đơn)','Ổn định','DT00075','K0002'),
('SKB00080','BN0042','2025-12-11','Rối loạn lipid máu','Điều trị ngoại trú (kê đơn)','Đang tiến triển tốt','DT00031','K0005'),
('SKB00081','BN0061','2025-12-15','Trào ngược dạ dày (GERD)','Điều trị ngoại trú (kê đơn)','Đang tiến triển tốt','DT00054','K0006'),
('SKB00082','BN0047','2025-12-19','Hội chứng ruột kích thích','Điều trị ngoại trú (kê đơn)','Đang tiến triển tốt','DT00074','K0004'),
('SKB00083','BN0013','2025-12-17','Viêm dạ dày - tá tràng','Điều trị ngoại trú (kê đơn)','Đang tiến triển tốt','DT00049','K0004'),
('SKB00084','BN0019','2025-12-18','Sốt xuất huyết','Điều trị ngoại trú (kê đơn)','Thuyên giảm','DT00023','K0007'),
('SKB00085','BN0064','2025-12-08','Sốt siêu vi','Theo dõi tại nhà','Đang tiến triển tốt','DT00093','K0006'),
('SKB00086','BN0063','2025-12-10','COPD','Chuyển tuyến trên','Ổn định','DT00013','K0003'),
('SKB00087','BN0008','2025-12-09','Thoái hóa cột sống','Điều trị ngoại trú (kê đơn)','Đang tiến triển tốt','DT00058','K0006'),
('SKB00088','BN0034','2025-12-11','Rối loạn tiêu hóa','Nhập viện nội trú','Thuyên giảm','DT00045','K0001'),
('SKB00089','BN0053','2025-12-07','Rối loạn tiêu hóa','Nhập viện nội trú','Đang tiến triển tốt','DT00074','K0010'),
('SKB00090','BN0084','2025-12-16','Đái tháo đường type 2','Tái khám định kỳ','Ổn định','DT00042','K0009'),
('SKB00091','BN0063','2025-12-18','Đau đầu vận mạch','Chuyển tuyến trên','Ổn định','DT00037','K0008'),
('SKB00092','BN0081','2025-12-08','Đau thần kinh tọa','Nhập viện nội trú','Tiên lượng dè dặt','DT00054','K0010'),
('SKB00093','BN0074','2025-12-12','Viêm khớp dạng thấp','Điều trị ngoại trú (kê đơn)','Ổn định','DT00030','K0006'),
('SKB00094','BN0041','2025-12-16','Viêm dạ dày - tá tràng','Điều trị ngoại trú (kê đơn)','Đang tiến triển tốt','DT00035','K0008'),
('SKB00095','BN0100','2025-12-19','Nhiễm trùng đường tiết niệu','Theo dõi tại nhà','Đang tiến triển tốt','DT00058','K0007'),
('SKB00096','BN0022','2025-12-08','Đau thần kinh tọa','Điều trị ngoại trú (kê đơn)','Ổn định','DT00033','K0002'),
('SKB00097','BN0027','2025-12-08','Hội chứng ruột kích thích','Điều trị ngoại trú (kê đơn)','Tiên lượng dè dặt','DT00061','K0009'),
('SKB00098','BN0007','2025-12-06','Rối loạn tiền đình','Nhập viện nội trú','Nguy kịch','DT00014','K0005'),
('SKB00099','BN0080','2025-12-08','Viêm họng cấp','Tư vấn sức khỏe','Ổn định','DT00030','K0004'),
('SKB00100','BN0095','2025-12-10','Gan nhiễm mỡ','Điều trị ngoại trú (kê đơn)','Đang tiến triển tốt','DT00022','K0001');

-- --------------------------------------------------------

--
-- Cấu trúc bảng cho bảng `soluongthuoc`
--

CREATE TABLE `soluongthuoc` (
  `MALO` varchar(50) NOT NULL,
  `MATHUOC` varchar(50) NOT NULL,
  `soluong` int(11) NOT NULL,
  `hsd` datetime NOT NULL
) ENGINE=InnoDB DEFAULT CHARSET=utf8mb4 COLLATE=utf8mb4_general_ci;

--
-- Đang đổ dữ liệu cho bảng `soluongthuoc`
--

INSERT INTO `soluongthuoc` (`MALO`, `MATHUOC`, `soluong`, `hsd`) VALUES
('LO00001','T0001',144,'2026-02-21'),
('LO00002','T0002',175,'2035-10-02'),
('LO00003','T0003',190,'2034-10-11'),
('LO00004','T0004',233,'2026-08-07'),
('LO00005','T0005',190,'2032-11-06'),
('LO00006','T0006',213,'2031-08-15'),
('LO00007','T0007',198,'2029-04-05'),
('LO00008','T0008',58,'2035-01-04'),
('LO00009','T0009',205,'2032-11-09'),
('LO00010','T0010',56,'2030-01-01'),
('LO00011','T0011',48,'2033-03-10'),
('LO00012','T0012',64,'2033-01-05'),
('LO00013','T0013',193,'2033-08-26'),
('LO00014','T0014',196,'2034-02-18'),
('LO00015','T0015',174,'2033-06-11'),
('LO00016','T0016',35,'2035-06-14'),
('LO00017','T0017',24,'2033-02-04'),
('LO00018','T0018',165,'2033-02-01'),
('LO00019','T0019',79,'2026-06-29'),
('LO00020','T0020',112,'2034-11-23'),
('LO00021','T0021',148,'2026-06-04'),
('LO00022','T0022',187,'2030-02-21'),
('LO00023','T0023',23,'2027-07-11'),
('LO00024','T0024',83,'2029-05-11'),
('LO00025','T0025',106,'2034-06-07'),
('LO00026','T0026',51,'2028-01-08'),
('LO00027','T0027',201,'2027-07-14'),
('LO00028','T0028',224,'2032-02-06'),
('LO00029','T0029',135,'2030-02-25'),
('LO00030','T0030',233,'2031-09-05'),
('LO00031','T0031',212,'2029-02-08'),
('LO00032','T0032',65,'2027-11-23'),
('LO00033','T0033',241,'2035-04-19'),
('LO00034','T0034',247,'2031-06-15'),
('LO00035','T0035',75,'2035-02-04'),
('LO00036','T0036',222,'2034-06-03'),
('LO00037','T0037',205,'2029-11-06'),
('LO00038','T0038',119,'2027-05-05'),
('LO00039','T0039',36,'2026-11-23'),
('LO00040','T0040',247,'2034-07-05'),
('LO00041','T0041',220,'2028-07-31'),
('LO00042','T0042',185,'2033-08-20'),
('LO00043','T0043',250,'2033-08-12'),
('LO00044','T0044',247,'2030-07-04'),
('LO00045','T0045',205,'2035-07-15'),
('LO00046','T0046',93,'2032-04-19'),
('LO00047','T0047',202,'2027-01-23'),
('LO00048','T0048',3,'2030-06-23'),
('LO00049','T0049',137,'2029-01-06'),
('LO00050','T0050',116,'2027-06-09'),
('LO00051','T0051',172,'2030-03-08'),
('LO00052','T0052',172,'2034-06-13'),
('LO00053','T0053',149,'2028-12-27'),
('LO00054','T0054',210,'2030-04-28'),
('LO00055','T0055',240,'2033-03-18'),
('LO00056','T0056',27,'2030-03-20'),
('LO00057','T0057',59,'2033-08-14'),
('LO00058','T0058',6,'2031-05-04'),
('LO00059','T0059',226,'2032-12-30'),
('LO00060','T0060',83,'2032-05-06'),
('LO00061','T0061',56,'2032-11-21'),
('LO00062','T0062',16,'2033-04-24'),
('LO00063','T0063',210,'2033-03-05'),
('LO00064','T0064',232,'2031-04-04'),
('LO00065','T0065',77,'2033-11-29'),
('LO00066','T0066',104,'2033-05-01'),
('LO00067','T0067',35,'2027-05-11'),
('LO00068','T0068',242,'2026-07-23'),
('LO00069','T0069',77,'2026-06-20'),
('LO00070','T0070',29,'2031-07-29'),
('LO00071','T0071',60,'2027-02-21'),
('LO00072','T0072',34,'2032-01-29'),
('LO00073','T0073',116,'2030-05-29'),
('LO00074','T0074',171,'2030-03-18'),
('LO00075','T0075',178,'2034-05-20'),
('LO00076','T0076',107,'2032-02-09'),
('LO00077','T0077',190,'2032-08-20'),
('LO00078','T0078',39,'2034-03-14'),
('LO00079','T0079',167,'2030-09-14'),
('LO00080','T0080',213,'2027-02-28'),
('LO00081','T0081',157,'2031-07-16'),
('LO00082','T0082',240,'2030-08-17'),
('LO00083','T0083',8,'2029-03-09'),
('LO00084','T0084',94,'2033-10-16'),
('LO00085','T0085',113,'2028-06-26'),
('LO00086','T0086',243,'2031-01-14'),
('LO00087','T0087',218,'2028-09-12'),
('LO00088','T0088',25,'2030-02-12'),
('LO00089','T0089',94,'2033-09-27'),
('LO00090','T0090',230,'2032-02-27'),
('LO00091','T0091',91,'2033-04-13'),
('LO00092','T0092',101,'2026-09-24'),
('LO00093','T0093',48,'2029-02-22'),
('LO00094','T0094',242,'2027-06-03'),
('LO00095','T0095',210,'2035-07-24'),
('LO00096','T0096',23,'2031-02-24'),
('LO00097','T0097',54,'2033-06-25'),
('LO00098','T0098',163,'2033-03-31'),
('LO00099','T0099',248,'2032-09-29'),
('LO00100','T0100',12,'2026-04-16'),
('LO00101','T0101',85,'2034-11-15'),
('LO00102','T0102',32,'2028-10-12'),
('LO00103','T0103',144,'2034-11-16'),
('LO00104','T0104',17,'2028-05-08'),
('LO00105','T0105',195,'2035-05-10'),
('LO00106','T0106',53,'2032-04-07'),
('LO00107','T0107',55,'2032-08-16'),
('LO00108','T0108',222,'2035-03-03'),
('LO00109','T0109',84,'2028-08-30'),
('LO00110','T0110',37,'2034-09-25'),
('LO00111','T0111',230,'2034-11-23'),
('LO00112','T0112',0,'2032-09-25'),
('LO00113','T0113',219,'2029-02-27'),
('LO00114','T0114',33,'2027-09-03'),
('LO00115','T0115',64,'2032-02-09'),
('LO00116','T0116',44,'2035-01-02'),
('LO00117','T0117',169,'2027-04-14'),
('LO00118','T0118',6,'2035-10-07'),
('LO00119','T0119',3,'2027-07-12'),
('LO00120','T0120',202,'2030-01-25'),
('LO00121','T0121',60,'2034-11-22'),
('LO00122','T0122',82,'2032-08-26'),
('LO00123','T0123',44,'2026-03-24'),
('LO00124','T0124',13,'2029-01-09'),
('LO00125','T0125',189,'2027-06-22'),
('LO00126','T0126',134,'2030-10-09'),
('LO00127','T0127',190,'2027-04-29'),
('LO00128','T0128',121,'2026-10-06'),
('LO00129','T0129',199,'2031-01-29'),
('LO00130','T0130',131,'2030-02-09'),
('LO00131','T0131',27,'2032-09-15'),
('LO00132','T0132',128,'2031-02-13'),
('LO00133','T0133',242,'2028-07-14'),
('LO00134','T0134',11,'2032-12-12'),
('LO00135','T0135',200,'2034-03-16'),
('LO00136','T0136',168,'2035-10-10'),
('LO00137','T0137',77,'2031-11-24'),
('LO00138','T0138',164,'2031-03-10'),
('LO00139','T0139',15,'2026-05-26'),
('LO00140','T0140',216,'2031-06-03'),
('LO00141','T0141',109,'2030-07-22'),
('LO00142','T0142',27,'2033-09-29'),
('LO00143','T0143',182,'2031-07-20'),
('LO00144','T0144',18,'2031-01-09'),
('LO00145','T0145',82,'2026-12-15'),
('LO00146','T0146',37,'2032-11-14'),
('LO00147','T0147',32,'2026-10-15'),
('LO00148','T0148',159,'2029-02-18'),
('LO00149','T0149',149,'2033-02-24'),
('LO00150','T0150',182,'2032-03-14'),
('LO00151','T0151',97,'2029-09-11'),
('LO00152','T0152',135,'2032-09-30'),
('LO00153','T0153',116,'2029-05-10'),
('LO00154','T0154',154,'2031-09-20'),
('LO00155','T0155',25,'2030-11-16'),
('LO00156','T0156',179,'2034-12-11'),
('LO00157','T0157',218,'2027-05-02'),
('LO00158','T0158',166,'2033-05-23'),
('LO00159','T0159',196,'2035-11-23'),
('LO00160','T0160',184,'2032-03-26'),
('LO00161','T0161',55,'2035-10-04'),
('LO00162','T0162',115,'2030-11-15'),
('LO00163','T0163',105,'2028-08-11'),
('LO00164','T0164',211,'2029-11-07'),
('LO00165','T0165',102,'2031-02-19'),
('LO00166','T0166',186,'2030-09-18'),
('LO00167','T0167',80,'2027-02-12'),
('LO00168','T0168',80,'2030-11-02'),
('LO00169','T0169',65,'2033-07-05'),
('LO00170','T0170',244,'2030-04-01'),
('LO00171','T0171',175,'2027-10-06'),
('LO00172','T0172',17,'2031-05-15'),
('LO00173','T0173',212,'2027-01-27'),
('LO00174','T0174',23,'2027-01-03'),
('LO00175','T0175',24,'2030-11-22'),
('LO00176','T0176',189,'2034-05-26'),
('LO00177','T0177',207,'2030-03-25'),
('LO00178','T0178',142,'2027-07-05'),
('LO00179','T0179',150,'2026-09-21'),
('LO00180','T0180',143,'2032-05-07'),
('LO00181','T0181',171,'2029-09-30'),
('LO00182','T0182',105,'2027-06-03'),
('LO00183','T0183',223,'2030-01-06'),
('LO00184','T0184',240,'2033-07-06'),
('LO00185','T0185',108,'2034-06-19'),
('LO00186','T0186',234,'2035-10-14'),
('LO00187','T0187',13,'2034-02-19'),
('LO00188','T0188',153,'2029-04-11'),
('LO00189','T0189',90,'2029-07-21'),
('LO00190','T0190',147,'2027-03-19'),
('LO00191','T0191',54,'2031-09-28'),
('LO00192','T0192',168,'2027-10-14'),
('LO00193','T0193',57,'2031-06-17'),
('LO00194','T0194',27,'2035-07-21'),
('LO00195','T0195',216,'2029-12-23'),
('LO00196','T0196',94,'2032-04-15'),
('LO00197','T0197',195,'2027-05-04'),
('LO00198','T0198',146,'2029-03-05'),
('LO00199','T0199',206,'2028-08-02'),
('LO00200','T0200',216,'2030-11-11');
-- --------------------------------------------------------

--
-- Cấu trúc bảng cho bảng `thannhan`
--

CREATE TABLE `thannhan` (
  `MABN` varchar(50) DEFAULT NULL,
  `hoten` varchar(255) NOT NULL,
  `gioitinh` varchar(1) NOT NULL,
  `sdt` varchar(15) NOT NULL,
  `diachi` varchar(255) DEFAULT NULL
) ENGINE=InnoDB DEFAULT CHARSET=utf8mb4 COLLATE=utf8mb4_general_ci;

--
-- Đang đổ dữ liệu cho bảng `thannhan`
--

INSERT INTO `thannhan` (`MABN`, `hoten`, `gioitinh`, `sdt`, `diachi`) VALUES
('BN0001','Đỗ Hải Khải','Nam','09184161692','Thanh Hóa'),
('BN0002','Huỳnh Tuấn Bách','Nam','09179627570','Gia Lai'),
('BN0003','Nghiêm Diệu Tiên','Nữ','09101658202','Long An'),
('BN0004','Phùng Mai Diệu Giang','Nữ','09155690927','Phú Thọ'),
('BN0005','Hoàng Hải Mạnh Lâm','Nam','09154310278','Cần Thơ'),
('BN0006','Đinh Mai Khuê','Nữ','09194731217','TP HCM'),
('BN0007','Huỳnh Hồng Minh','Nữ','09118844225','Hưng Yên'),
('BN0008','Hồ Quốc Văn Thành','Nam','09158957829','An Giang'),
('BN0009','Cao Công Phúc','Nam','09166912517','Nam Định'),
('BN0010','Võ Thu Diệp','Nữ','09168018242','TP HCM'),
('BN0011','Dương Xuân Nguyệt','Nữ','09141438424','Quảng Nam'),
('BN0012','Bùi Minh Linh','Nam','09129959001','Hà Nội'),
('BN0013','Lại Diệu Khuê','Nữ','09196907844','Thái Bình'),
('BN0014','Cao Hồng Ly','Nữ','09102767735','Thừa Thiên Huế'),
('BN0015','Trịnh Hải Phước','Nam','09162588153','Nam Định'),
('BN0016','Lý Tuấn Mạnh Nam','Nam','09196325953','Bình Dương'),
('BN0017','Châu Khánh Uyên','Nữ','09170168733','Quảng Bình'),
('BN0018','Hà Thiên Khải','Nam','09174801624','Gia Lai'),
('BN0019','Vương Hoài Hà','Nữ','09183584168','Hải Dương'),
('BN0020','Nghiêm Ngọc Thảo Quỳnh','Nữ','09155852398','Cần Thơ'),
('BN0021','Lê Quốc Long','Nam','09187298259','Đà Nẵng'),
('BN0022','Nghiêm Bá Quang','Nam','09158887947','Bà Rịa - Vũng Tàu'),
('BN0023','Vũ Đăng Hải','Nam','09109749930','Quảng Bình'),
('BN0024','Nghiêm Minh Sáng','Nam','09130913075','Bắc Ninh'),
('BN0025','Ngô Phước Hải','Nam','09170283857','Nghệ An'),
('BN0026','Đỗ Trung Hòa','Nam','09185497334','Thanh Hóa'),
('BN0027','Đoàn Đình Sáng','Nam','09175758441','Hà Tĩnh'),
('BN0028','Cao Diệu Nguyệt','Nữ','09124041574','Bình Dương'),
('BN0029','Mạc Viết Vinh','Nam','09142199330','Khánh Hòa'),
('BN0030','Dương Bảo Hồng Hạnh','Nữ','09171208267','Thái Bình'),
('BN0031','Hà Hữu Bách','Nam','09119380262','Bến Tre'),
('BN0032','Cao Đăng Thành','Nam','09140049915','TP HCM'),
('BN0033','Mạc Thu Xuyến','Nữ','09187431527','Bình Định'),
('BN0034','Nguyễn Hoài Ngọc','Nữ','09132966851','Cần Thơ'),
('BN0035','Võ Gia Huy','Nam','09104637454','Quảng Bình'),
('BN0036','Đinh Thị Như','Nữ','09117426841','Quảng Ngãi'),
('BN0037','Vương Thu Phương Hiền','Nữ','09127956878','Đồng Nai'),
('BN0038','Lý Xuân Mai','Nữ','09151910883','Hà Tĩnh'),
('BN0039','Trịnh Quang Toàn','Nam','09139718707','Hà Nội'),
('BN0040','Lại Trọng Dũng','Nam','09140640391','Hà Nội'),
('BN0041','Hoàng Đức Khôi','Nam','09170462265','Quảng Ninh'),
('BN0042','Lương Trọng Chí Dương','Nam','09125128682','Gia Lai'),
('BN0043','Nguyễn Tuấn Nhật Quyết','Nam','09186863375','TP HCM'),
('BN0044','Vũ Thế Cường','Nam','09190331190','Hải Dương'),
('BN0045','Phạm Thảo Huyền','Nữ','09173830284','TP HCM'),
('BN0046','Lại Diệu Minh','Nữ','09153428364','TP HCM'),
('BN0047','Tiêu Thảo Châu','Nữ','09187056856','Cần Thơ'),
('BN0048','Đỗ Gia Quyết','Nam','09134270866','Thanh Hóa'),
('BN0049','Lý Thiên Đức Tú','Nam','09175183046','Khánh Hòa'),
('BN0050','Hoàng Hoài Diệu','Nữ','09183735403','Thái Nguyên'),
('BN0051','Vũ Hồng Vi','Nữ','09193638546','Nam Định'),
('BN0052','Đoàn Phương Khuê','Nữ','09171753556','Hà Nội'),
('BN0053','Đặng Hoài Chi','Nữ','09196423536','Hà Tĩnh'),
('BN0054','Thạch Trung Nghĩa','Nam','09147772522','Đắk Lắk'),
('BN0055','Mạc Mỹ Hương','Nữ','09110062312','Hà Nội'),
('BN0056','Vương Kim Hương','Nữ','09197700886','Hà Nội'),
('BN0057','Trương Mỹ Hồng Liên','Nữ','09162118233','Quảng Nam'),
('BN0058','Mai Đức Vinh','Nam','09156793341','Bình Định'),
('BN0059','Lê Thảo Nga','Nữ','09187002176','Bình Định'),
('BN0060','Phan Hữu Trường','Nam','09133974014','Kiên Giang'),
('BN0061','Lê Bảo Châu','Nữ','09103926142','Thanh Hóa'),
('BN0062','Lương Hồng Ngân','Nữ','09121850163','Long An'),
('BN0063','Nghiêm Trung Lộc','Nam','09104773586','Bắc Ninh'),
('BN0064','Lương Khánh Mai','Nữ','09131142626','Đà Nẵng'),
('BN0065','Nguyễn Anh Đức','Nam','09112126788','Nghệ An'),
('BN0066','Huỳnh Phước Công','Nam','09195604661','Đắk Lắk'),
('BN0067','Lý Thu Băng','Nữ','09124447212','Hải Dương'),
('BN0068','Lưu Anh Gia Thành','Nam','09179937124','Hà Nội'),
('BN0069','Nghiêm Trung Dương','Nam','09175692459','Phú Thọ'),
('BN0070','Trịnh Trung Quân','Nam','09147935646','Hải Phòng'),
('BN0071','Hồ Xuân Diệp','Nữ','09107374167','Hà Nội'),
('BN0072','Đinh Thế Mạnh Nguyên','Nam','09117979688','Đồng Tháp'),
('BN0073','Đào Bảo Giang','Nữ','09189113529','Hà Nội'),
('BN0074','Cao Thảo Ngân','Nữ','09110143888','Quảng Bình'),
('BN0075','Phùng Diệu Phượng','Nữ','09198250714','Bắc Ninh'),
('BN0076','Vũ Bảo Yến','Nữ','09173875717','Đắk Lắk'),
('BN0077','Hoàng Viết Quang Đức','Nam','09105123828','TP HCM'),
('BN0078','Tô Kim Hoa','Nữ','09122660937','Quảng Trị'),
('BN0079','Ngô Viết Tài','Nam','09119182553','Nam Định'),
('BN0080','Thái Trung Khánh','Nam','09196969155','Long An'),
('BN0081','Đoàn Bảo Mai','Nữ','09113412528','Cần Thơ'),
('BN0082','Lại Phương Sương','Nữ','09182827422','Đà Nẵng'),
('BN0083','Phạm Văn Trọng','Nam','09172368876','Khánh Hòa'),
('BN0084','Phùng Bá Văn Khải','Nam','09134043842','Đồng Nai'),
('BN0085','Thái Ngọc Khánh Tâm','Nữ','09185807836','Hà Nội'),
('BN0086','Lý Thị Ly','Nữ','09174517133','Đồng Nai'),
('BN0087','Mai Thu Diệu Thủy','Nữ','09133095849','Thanh Hóa'),
('BN0088','Hà Công Việt','Nam','09112604223','TP HCM'),
('BN0089','Lý Mạnh Quyết','Nam','09172946671','Quảng Ngãi'),
('BN0090','Huỳnh Khánh Thi','Nữ','09157759017','Quảng Ngãi'),
('BN0091','Hoàng Thảo Mai Thanh','Nữ','09174545892','Hà Tĩnh'),
('BN0092','Lâm Kim Diệu Hạnh','Nữ','09170127706','TP HCM'),
('BN0093','Võ Khánh Ngọc Ly','Nữ','09154152064','Đắk Lắk'),
('BN0094','Tạ Thị Nga','Nữ','09137129387','Hà Nội'),
('BN0095','Vũ Phương Thủy','Nữ','09113611155','An Giang'),
('BN0096','Võ Minh Nghĩa','Nam','09118909275','Đắk Lắk'),
('BN0097','Đặng Phương Thơ','Nữ','09131121965','Bắc Giang'),
('BN0098','Võ Đức Trí','Nam','09138999404','TP HCM'),
('BN0099','Hồ Thị Thanh','Nữ','09137613791','Nghệ An'),
('BN0100','Vương Mỹ Hoài Minh','Nữ','09165827109','Hà Nội');

-- --------------------------------------------------------

--
-- Cấu trúc bảng cho bảng `thuoc`
--

CREATE TABLE `thuoc` (
  `MATHUOC` varchar(50) NOT NULL,
  `tenthuoc` varchar(255) NOT NULL,
  `congdung` varchar(255) DEFAULT NULL,
  `giatien` float NOT NULL
) ENGINE=InnoDB DEFAULT CHARSET=utf8mb4 COLLATE=utf8mb4_general_ci;

--
-- Đang đổ dữ liệu cho bảng `thuoc`
--

INSERT INTO `thuoc` (`MATHUOC`, `tenthuoc`, `congdung`, `giatien`) VALUES
('T0001','Esomeprazole','Ức chế dạ dày',3000),
('T0002','Natri Clorid 0.9%','Nước muối sinh lý',2000),
('T0003','Meloxicam','Kháng viêm xương khớp',12000),
('T0004','Siro ho thảo dược','Giảm ho',3000),
('T0005','Efferalgan Codeine','Giảm đau mạnh',2000),
('T0006','Omeprazole','Ức chế dạ dày',7000),
('T0007','Ibuprofen 400mg','Kháng viêm NSAID',5000),
('T0008','Omeprazole','Ức chế dạ dày',5000),
('T0009','Natri Clorid 0.9%','Nước muối sinh lý',3000),
('T0010','Salbutamol (Xịt)','Giãn phế quản',20000),
('T0011','Esomeprazole','Ức chế dạ dày',12000),
('T0012','Loratadin','Chống dị ứng',3000),
('T0013','Loratadin','Chống dị ứng',8000),
('T0014','Augmentin (Amox+Clav)','Kháng sinh',2000),
('T0015','Men vi sinh (Probiotic)','Hỗ trợ tiêu hóa',15000),
('T0016','Aspirin 81mg','Chống đông máu',7000),
('T0017','Celecoxib','Kháng viêm xương khớp',7000),
('T0018','Augmentin (Amox+Clav)','Kháng sinh',8000),
('T0019','Azithromycin','Kháng sinh',2000),
('T0020','Losartan 50mg','Hạ huyết áp',15000),
('T0021','Metformin 500mg','Tiểu đường',3000),
('T0022','Ginkgo Biloba','Tuần hoàn não',12000),
('T0023','Paracetamol 500mg','Giảm đau hạ sốt',15000),
('T0024','Glucosamine','Bổ khớp',3000),
('T0025','Vitamin 3B (B1,B6,B12)','Bổ thần kinh',12000),
('T0026','Oresol','Bù nước điện giải',5000),
('T0027','Vitamin 3B (B1,B6,B12)','Bổ thần kinh',5000),
('T0028','Phosphalugel (Chữ P)','Trung hòa axit',20000),
('T0029','Oresol','Bù nước điện giải',15000),
('T0030','Phosphalugel (Chữ P)','Trung hòa axit',12000),
('T0031','Omeprazole','Ức chế dạ dày',3000),
('T0032','Phosphalugel (Chữ P)','Trung hòa axit',20000),
('T0033','Omeprazole','Ức chế dạ dày',20000),
('T0034','Atorvastatin 10mg','Mỡ máu',12000),
('T0035','Ibuprofen 400mg','Kháng viêm NSAID',20000),
('T0036','Smecta','Tiêu chảy',5000),
('T0037','Glucosamine','Bổ khớp',7000),
('T0038','Losartan 50mg','Hạ huyết áp',8000),
('T0039','Amlodipine 5mg','Hạ huyết áp',8000),
('T0040','Phosphalugel (Chữ P)','Trung hòa axit',2000),
('T0041','Acetylcystein','Tiêu đờm',3000),
('T0042','Omeprazole','Ức chế dạ dày',15000),
('T0043','Glucosamine','Bổ khớp',7000),
('T0044','Natri Clorid 0.9%','Nước muối sinh lý',20000),
('T0045','Canxi + D3','Bổ xương',2000),
('T0046','Amoxicillin 500mg','Kháng sinh',8000),
('T0047','Siro ho thảo dược','Giảm ho',15000),
('T0048','Omeprazole','Ức chế dạ dày',8000),
('T0049','Metformin 500mg','Tiểu đường',20000),
('T0050','Losartan 50mg','Hạ huyết áp',15000),
('T0051','Amlodipine 5mg','Hạ huyết áp',12000),
('T0052','Oresol','Bù nước điện giải',8000),
('T0053','Men vi sinh (Probiotic)','Hỗ trợ tiêu hóa',8000),
('T0054','Siro ho thảo dược','Giảm ho',3000),
('T0055','Acetylcystein','Tiêu đờm',12000),
('T0056','Azithromycin','Kháng sinh',5000),
('T0057','Acetylcystein','Tiêu đờm',7000),
('T0058','Natri Clorid 0.9%','Nước muối sinh lý',8000),
('T0059','Berberin','Tiêu chảy',3000),
('T0060','Acetylcystein','Tiêu đờm',8000),
('T0061','Siro ho thảo dược','Giảm ho',12000),
('T0062','Fexofenadine','Chống dị ứng',8000),
('T0063','Paracetamol 500mg','Giảm đau hạ sốt',5000),
('T0064','Phosphalugel (Chữ P)','Trung hòa axit',2000),
('T0065','Meloxicam','Kháng viêm xương khớp',8000),
('T0066','Cefuroxime','Kháng sinh',20000),
('T0067','Augmentin (Amox+Clav)','Kháng sinh',2000),
('T0068','Berberin','Tiêu chảy',20000),
('T0069','Natri Clorid 0.9%','Nước muối sinh lý',20000),
('T0070','Amlodipine 5mg','Hạ huyết áp',5000),
('T0071','Meloxicam','Kháng viêm xương khớp',8000),
('T0072','Natri Clorid 0.9%','Nước muối sinh lý',3000),
('T0073','Celecoxib','Kháng viêm xương khớp',15000),
('T0074','Glucosamine','Bổ khớp',3000),
('T0075','Meloxicam','Kháng viêm xương khớp',5000),
('T0076','Levofloxacin','Kháng sinh',8000),
('T0077','Amoxicillin 500mg','Kháng sinh',7000),
('T0078','Azithromycin','Kháng sinh',15000),
('T0079','Siro ho thảo dược','Giảm ho',15000),
('T0080','Canxi + D3','Bổ xương',20000),
('T0081','Men vi sinh (Probiotic)','Hỗ trợ tiêu hóa',15000),
('T0082','Men vi sinh (Probiotic)','Hỗ trợ tiêu hóa',2000),
('T0083','Augmentin (Amox+Clav)','Kháng sinh',7000),
('T0084','Salbutamol (Xịt)','Giãn phế quản',8000),
('T0085','Amoxicillin 500mg','Kháng sinh',5000),
('T0086','Omeprazole','Ức chế dạ dày',5000),
('T0087','Celecoxib','Kháng viêm xương khớp',5000),
('T0088','Paracetamol 500mg','Giảm đau hạ sốt',15000),
('T0089','Canxi + D3','Bổ xương',20000),
('T0090','Berberin','Tiêu chảy',2000),
('T0091','Siro ho thảo dược','Giảm ho',8000),
('T0092','Berberin','Tiêu chảy',20000),
('T0093','Celecoxib','Kháng viêm xương khớp',7000),
('T0094','Esomeprazole','Ức chế dạ dày',7000),
('T0095','Vitamin 3B (B1,B6,B12)','Bổ thần kinh',3000),
('T0096','Siro ho thảo dược','Giảm ho',5000),
('T0097','Phosphalugel (Chữ P)','Trung hòa axit',5000),
('T0098','Celecoxib','Kháng viêm xương khớp',2000),
('T0099','Loratadin','Chống dị ứng',8000),
('T0100','Berberin','Tiêu chảy',20000),
('T0101','Azithromycin','Kháng sinh',20000),
('T0102','Men vi sinh (Probiotic)','Hỗ trợ tiêu hóa',15000),
('T0103','Phosphalugel (Chữ P)','Trung hòa axit',20000),
('T0104','Canxi + D3','Bổ xương',3000),
('T0105','Efferalgan Codeine','Giảm đau mạnh',15000),
('T0106','Smecta','Tiêu chảy',8000),
('T0107','Ibuprofen 400mg','Kháng viêm NSAID',3000),
('T0108','Siro ho thảo dược','Giảm ho',2000),
('T0109','Phosphalugel (Chữ P)','Trung hòa axit',2000),
('T0110','Fexofenadine','Chống dị ứng',20000),
('T0111','Canxi + D3','Bổ xương',8000),
('T0112','Fexofenadine','Chống dị ứng',15000),
('T0113','Glucosamine','Bổ khớp',3000),
('T0114','Natri Clorid 0.9%','Nước muối sinh lý',12000),
('T0115','Vitamin C 500mg','Tăng đề kháng',12000),
('T0116','Smecta','Tiêu chảy',3000),
('T0117','Loratadin','Chống dị ứng',12000),
('T0118','Vitamin C 500mg','Tăng đề kháng',20000),
('T0119','Berberin','Tiêu chảy',15000),
('T0120','Efferalgan Codeine','Giảm đau mạnh',20000),
('T0121','Amoxicillin 500mg','Kháng sinh',12000),
('T0122','Esomeprazole','Ức chế dạ dày',12000),
('T0123','Azithromycin','Kháng sinh',15000),
('T0124','Ginkgo Biloba','Tuần hoàn não',2000),
('T0125','Oresol','Bù nước điện giải',15000),
('T0126','Meloxicam','Kháng viêm xương khớp',7000),
('T0127','Metformin 500mg','Tiểu đường',20000),
('T0128','Canxi + D3','Bổ xương',2000),
('T0129','Salbutamol (Xịt)','Giãn phế quản',8000),
('T0130','Cefuroxime','Kháng sinh',8000),
('T0131','Canxi + D3','Bổ xương',20000),
('T0132','Azithromycin','Kháng sinh',2000),
('T0133','Omeprazole','Ức chế dạ dày',5000),
('T0134','Men vi sinh (Probiotic)','Hỗ trợ tiêu hóa',2000),
('T0135','Vitamin C 500mg','Tăng đề kháng',3000),
('T0136','Siro ho thảo dược','Giảm ho',3000),
('T0137','Oresol','Bù nước điện giải',3000),
('T0138','Levofloxacin','Kháng sinh',20000),
('T0139','Berberin','Tiêu chảy',8000),
('T0140','Vitamin C 500mg','Tăng đề kháng',20000),
('T0141','Natri Clorid 0.9%','Nước muối sinh lý',7000),
('T0142','Oresol','Bù nước điện giải',5000),
('T0143','Atorvastatin 10mg','Mỡ máu',7000),
('T0144','Ginkgo Biloba','Tuần hoàn não',5000),
('T0145','Celecoxib','Kháng viêm xương khớp',8000),
('T0146','Vitamin C 500mg','Tăng đề kháng',12000),
('T0147','Ginkgo Biloba','Tuần hoàn não',8000),
('T0148','Paracetamol 500mg','Giảm đau hạ sốt',8000),
('T0149','Men vi sinh (Probiotic)','Hỗ trợ tiêu hóa',20000),
('T0150','Levofloxacin','Kháng sinh',20000),
('T0151','Natri Clorid 0.9%','Nước muối sinh lý',12000),
('T0152','Amlodipine 5mg','Hạ huyết áp',15000),
('T0153','Oresol','Bù nước điện giải',12000),
('T0154','Acetylcystein','Tiêu đờm',7000),
('T0155','Atorvastatin 10mg','Mỡ máu',7000),
('T0156','Vitamin C 500mg','Tăng đề kháng',2000),
('T0157','Smecta','Tiêu chảy',20000),
('T0158','Atorvastatin 10mg','Mỡ máu',15000),
('T0159','Levofloxacin','Kháng sinh',20000),
('T0160','Efferalgan Codeine','Giảm đau mạnh',5000),
('T0161','Ginkgo Biloba','Tuần hoàn não',12000),
('T0162','Augmentin (Amox+Clav)','Kháng sinh',20000),
('T0163','Augmentin (Amox+Clav)','Kháng sinh',20000),
('T0164','Paracetamol 500mg','Giảm đau hạ sốt',5000),
('T0165','Vitamin C 500mg','Tăng đề kháng',5000),
('T0166','Celecoxib','Kháng viêm xương khớp',20000),
('T0167','Esomeprazole','Ức chế dạ dày',12000),
('T0168','Aspirin 81mg','Chống đông máu',3000),
('T0169','Amlodipine 5mg','Hạ huyết áp',15000),
('T0170','Smecta','Tiêu chảy',20000),
('T0171','Efferalgan Codeine','Giảm đau mạnh',3000),
('T0172','Omeprazole','Ức chế dạ dày',8000),
('T0173','Siro ho thảo dược','Giảm ho',3000),
('T0174','Vitamin 3B (B1,B6,B12)','Bổ thần kinh',3000),
('T0175','Augmentin (Amox+Clav)','Kháng sinh',20000),
('T0176','Loratadin','Chống dị ứng',8000),
('T0177','Ibuprofen 400mg','Kháng viêm NSAID',2000),
('T0178','Smecta','Tiêu chảy',2000),
('T0179','Berberin','Tiêu chảy',12000),
('T0180','Metformin 500mg','Tiểu đường',15000),
('T0181','Levofloxacin','Kháng sinh',7000),
('T0182','Vitamin C 500mg','Tăng đề kháng',5000),
('T0183','Loratadin','Chống dị ứng',5000),
('T0184','Amoxicillin 500mg','Kháng sinh',15000),
('T0185','Omeprazole','Ức chế dạ dày',20000),
('T0186','Levofloxacin','Kháng sinh',7000),
('T0187','Oresol','Bù nước điện giải',8000),
('T0188','Oresol','Bù nước điện giải',8000),
('T0189','Paracetamol 500mg','Giảm đau hạ sốt',20000),
('T0190','Berberin','Tiêu chảy',5000),
('T0191','Celecoxib','Kháng viêm xương khớp',20000),
('T0192','Losartan 50mg','Hạ huyết áp',8000),
('T0193','Vitamin 3B (B1,B6,B12)','Bổ thần kinh',8000),
('T0194','Oresol','Bù nước điện giải',8000),
('T0195','Acetylcystein','Tiêu đờm',15000),
('T0196','Natri Clorid 0.9%','Nước muối sinh lý',3000),
('T0197','Omeprazole','Ức chế dạ dày',15000),
('T0198','Losartan 50mg','Hạ huyết áp',8000),
('T0199','Berberin','Tiêu chảy',2000),
('T0200','Aspirin 81mg','Chống đông máu',8000);

-- --------------------------------------------------------

--
-- Cấu trúc bảng cho bảng `toanha`
--

CREATE TABLE `toanha` (
  `MAKHOA` varchar(50) NOT NULL,
  `MAPHG` varchar(50) NOT NULL,
  `tentoa` varchar(255) NOT NULL
) ENGINE=InnoDB DEFAULT CHARSET=utf8mb4 COLLATE=utf8mb4_general_ci;

--
-- Đang đổ dữ liệu cho bảng `toanha`
--

INSERT INTO `toanha` (`MAKHOA`, `MAPHG`, `tentoa`) VALUES
('K0009','P0001','Tòa G'),
('K0009','P0002','Tòa B'),
('K0002','P0003','Tòa G'),
('K0010','P0004','Tòa F'),
('K0002','P0005','Tòa C'),
('K0006','P0006','Tòa G'),
('K0010','P0007','Tòa G'),
('K0007','P0008','Tòa E'),
('K0005','P0009','Tòa D'),
('K0007','P0010','Tòa F'),
('K0009','P0011','Tòa B'),
('K0004','P0012','Tòa C'),
('K0002','P0013','Tòa D'),
('K0010','P0014','Tòa A'),
('K0002','P0015','Tòa F'),
('K0005','P0016','Tòa C'),
('K0006','P0017','Tòa B'),
('K0005','P0018','Tòa C'),
('K0004','P0019','Tòa C'),
('K0007','P0020','Tòa C'),
('K0003','P0021','Tòa E'),
('K0005','P0022','Tòa A'),
('K0001','P0023','Tòa B'),
('K0004','P0024','Tòa B'),
('K0010','P0025','Tòa B'),
('K0006','P0026','Tòa D'),
('K0008','P0027','Tòa F'),
('K0009','P0028','Tòa B'),
('K0003','P0029','Tòa F'),
('K0005','P0030','Tòa B'),
('K0010','P0031','Tòa A'),
('K0004','P0032','Tòa D'),
('K0004','P0033','Tòa D'),
('K0001','P0034','Tòa C'),
('K0008','P0035','Tòa E'),
('K0002','P0036','Tòa D'),
('K0010','P0037','Tòa D'),
('K0007','P0038','Tòa A'),
('K0004','P0039','Tòa B'),
('K0001','P0040','Tòa G'),
('K0007','P0041','Tòa D'),
('K0009','P0042','Tòa D'),
('K0009','P0043','Tòa G'),
('K0002','P0044','Tòa E'),
('K0008','P0045','Tòa F'),
('K0009','P0046','Tòa A'),
('K0008','P0047','Tòa G'),
('K0009','P0048','Tòa G'),
('K0009','P0049','Tòa E'),
('K0008','P0050','Tòa D');

-- --------------------------------------------------------

--
-- Cấu trúc bảng cho bảng `user`
--

CREATE TABLE `user` (
  `userid` int(11) AUTO_INCREMENT PRIMARY KEY,
  `username` varchar(50) NOT NULL UNIQUE,
  `password` varchar(255) NOT NULL,
  `role` varchar(20) NOT NULL,
  `ref_id` varchar(50) DEFAULT NULL
) ENGINE=InnoDB DEFAULT CHARSET=utf8mb4 COLLATE=utf8mb4_general_ci;

--
-- Đang đổ dữ liệu cho bảng `user`
--

INSERT INTO `user` (`username`, `password`, `role`, `ref_id`) VALUES
('bn0001','$2b$12$eIXhD1YwFzQkLQ9R0O6B8e1Y6uJp9gE5MZkXGQn0qj2FhQZ3BvZ9K','BENHNHAN','BN0001'),
('bn0002','$2b$12$eIXhD1YwFzQkLQ9R0O6B8e1Y6uJp9gE5MZkXGQn0qj2FhQZ3BvZ9K','BENHNHAN','BN0002'),
('bn0003','$2b$12$eIXhD1YwFzQkLQ9R0O6B8e1Y6uJp9gE5MZkXGQn0qj2FhQZ3BvZ9K','BENHNHAN','BN0003'),
('bn0004','$2b$12$eIXhD1YwFzQkLQ9R0O6B8e1Y6uJp9gE5MZkXGQn0qj2FhQZ3BvZ9K','BENHNHAN','BN0004'),
('bn0005','$2b$12$eIXhD1YwFzQkLQ9R0O6B8e1Y6uJp9gE5MZkXGQn0qj2FhQZ3BvZ9K','BENHNHAN','BN0005'),
('bn0006','$2b$12$eIXhD1YwFzQkLQ9R0O6B8e1Y6uJp9gE5MZkXGQn0qj2FhQZ3BvZ9K','BENHNHAN','BN0006'),
('bn0007','$2b$12$eIXhD1YwFzQkLQ9R0O6B8e1Y6uJp9gE5MZkXGQn0qj2FhQZ3BvZ9K','BENHNHAN','BN0007'),
('bn0008','$2b$12$eIXhD1YwFzQkLQ9R0O6B8e1Y6uJp9gE5MZkXGQn0qj2FhQZ3BvZ9K','BENHNHAN','BN0008'),
('bn0009','$2b$12$eIXhD1YwFzQkLQ9R0O6B8e1Y6uJp9gE5MZkXGQn0qj2FhQZ3BvZ9K','BENHNHAN','BN0009'),
('bn0010','$2b$12$eIXhD1YwFzQkLQ9R0O6B8e1Y6uJp9gE5MZkXGQn0qj2FhQZ3BvZ9K','BENHNHAN','BN0010'),
('bn0011','$2b$12$eIXhD1YwFzQkLQ9R0O6B8e1Y6uJp9gE5MZkXGQn0qj2FhQZ3BvZ9K','BENHNHAN','BN0011'),
('bn0012','$2b$12$eIXhD1YwFzQkLQ9R0O6B8e1Y6uJp9gE5MZkXGQn0qj2FhQZ3BvZ9K','BENHNHAN','BN0012'),
('bn0013','$2b$12$eIXhD1YwFzQkLQ9R0O6B8e1Y6uJp9gE5MZkXGQn0qj2FhQZ3BvZ9K','BENHNHAN','BN0013'),
('bn0014','$2b$12$eIXhD1YwFzQkLQ9R0O6B8e1Y6uJp9gE5MZkXGQn0qj2FhQZ3BvZ9K','BENHNHAN','BN0014'),
('bn0015','$2b$12$eIXhD1YwFzQkLQ9R0O6B8e1Y6uJp9gE5MZkXGQn0qj2FhQZ3BvZ9K','BENHNHAN','BN0015'),
('bn0016','$2b$12$eIXhD1YwFzQkLQ9R0O6B8e1Y6uJp9gE5MZkXGQn0qj2FhQZ3BvZ9K','BENHNHAN','BN0016'),
('bn0017','$2b$12$eIXhD1YwFzQkLQ9R0O6B8e1Y6uJp9gE5MZkXGQn0qj2FhQZ3BvZ9K','BENHNHAN','BN0017'),
('bn0018','$2b$12$eIXhD1YwFzQkLQ9R0O6B8e1Y6uJp9gE5MZkXGQn0qj2FhQZ3BvZ9K','BENHNHAN','BN0018'),
('bn0019','$2b$12$eIXhD1YwFzQkLQ9R0O6B8e1Y6uJp9gE5MZkXGQn0qj2FhQZ3BvZ9K','BENHNHAN','BN0019'),
('bn0020','$2b$12$eIXhD1YwFzQkLQ9R0O6B8e1Y6uJp9gE5MZkXGQn0qj2FhQZ3BvZ9K','BENHNHAN','BN0020'),
('bn0021','$2b$12$eIXhD1YwFzQkLQ9R0O6B8e1Y6uJp9gE5MZkXGQn0qj2FhQZ3BvZ9K','BENHNHAN','BN0021'),
('bn0022','$2b$12$eIXhD1YwFzQkLQ9R0O6B8e1Y6uJp9gE5MZkXGQn0qj2FhQZ3BvZ9K','BENHNHAN','BN0022'),
('bn0023','$2b$12$eIXhD1YwFzQkLQ9R0O6B8e1Y6uJp9gE5MZkXGQn0qj2FhQZ3BvZ9K','BENHNHAN','BN0023'),
('bn0024','$2b$12$eIXhD1YwFzQkLQ9R0O6B8e1Y6uJp9gE5MZkXGQn0qj2FhQZ3BvZ9K','BENHNHAN','BN0024'),
('bn0025','$2b$12$eIXhD1YwFzQkLQ9R0O6B8e1Y6uJp9gE5MZkXGQn0qj2FhQZ3BvZ9K','BENHNHAN','BN0025'),
('bn0026','$2b$12$eIXhD1YwFzQkLQ9R0O6B8e1Y6uJp9gE5MZkXGQn0qj2FhQZ3BvZ9K','BENHNHAN','BN0026'),
('bn0027','$2b$12$eIXhD1YwFzQkLQ9R0O6B8e1Y6uJp9gE5MZkXGQn0qj2FhQZ3BvZ9K','BENHNHAN','BN0027'),
('bn0028','$2b$12$eIXhD1YwFzQkLQ9R0O6B8e1Y6uJp9gE5MZkXGQn0qj2FhQZ3BvZ9K','BENHNHAN','BN0028'),
('bn0029','$2b$12$eIXhD1YwFzQkLQ9R0O6B8e1Y6uJp9gE5MZkXGQn0qj2FhQZ3BvZ9K','BENHNHAN','BN0029'),
('bn0030','$2b$12$eIXhD1YwFzQkLQ9R0O6B8e1Y6uJp9gE5MZkXGQn0qj2FhQZ3BvZ9K','BENHNHAN','BN0030'),
('bn0031','$2b$12$eIXhD1YwFzQkLQ9R0O6B8e1Y6uJp9gE5MZkXGQn0qj2FhQZ3BvZ9K','BENHNHAN','BN0031'),
('bn0032','$2b$12$eIXhD1YwFzQkLQ9R0O6B8e1Y6uJp9gE5MZkXGQn0qj2FhQZ3BvZ9K','BENHNHAN','BN0032'),
('bn0033','$2b$12$eIXhD1YwFzQkLQ9R0O6B8e1Y6uJp9gE5MZkXGQn0qj2FhQZ3BvZ9K','BENHNHAN','BN0033'),
('bn0034','$2b$12$eIXhD1YwFzQkLQ9R0O6B8e1Y6uJp9gE5MZkXGQn0qj2FhQZ3BvZ9K','BENHNHAN','BN0034'),
('bn0035','$2b$12$eIXhD1YwFzQkLQ9R0O6B8e1Y6uJp9gE5MZkXGQn0qj2FhQZ3BvZ9K','BENHNHAN','BN0035'),
('bn0036','$2b$12$eIXhD1YwFzQkLQ9R0O6B8e1Y6uJp9gE5MZkXGQn0qj2FhQZ3BvZ9K','BENHNHAN','BN0036'),
('bn0037','$2b$12$eIXhD1YwFzQkLQ9R0O6B8e1Y6uJp9gE5MZkXGQn0qj2FhQZ3BvZ9K','BENHNHAN','BN0037'),
('bn0038','$2b$12$eIXhD1YwFzQkLQ9R0O6B8e1Y6uJp9gE5MZkXGQn0qj2FhQZ3BvZ9K','BENHNHAN','BN0038'),
('bn0039','$2b$12$eIXhD1YwFzQkLQ9R0O6B8e1Y6uJp9gE5MZkXGQn0qj2FhQZ3BvZ9K','BENHNHAN','BN0039'),
('bn0040','$2b$12$eIXhD1YwFzQkLQ9R0O6B8e1Y6uJp9gE5MZkXGQn0qj2FhQZ3BvZ9K','BENHNHAN','BN0040'),
('bn0041','$2b$12$eIXhD1YwFzQkLQ9R0O6B8e1Y6uJp9gE5MZkXGQn0qj2FhQZ3BvZ9K','BENHNHAN','BN0041'),
('bn0042','$2b$12$eIXhD1YwFzQkLQ9R0O6B8e1Y6uJp9gE5MZkXGQn0qj2FhQZ3BvZ9K','BENHNHAN','BN0042'),
('bn0043','$2b$12$eIXhD1YwFzQkLQ9R0O6B8e1Y6uJp9gE5MZkXGQn0qj2FhQZ3BvZ9K','BENHNHAN','BN0043'),
('bn0044','$2b$12$eIXhD1YwFzQkLQ9R0O6B8e1Y6uJp9gE5MZkXGQn0qj2FhQZ3BvZ9K','BENHNHAN','BN0044'),
('bn0045','$2b$12$eIXhD1YwFzQkLQ9R0O6B8e1Y6uJp9gE5MZkXGQn0qj2FhQZ3BvZ9K','BENHNHAN','BN0045'),
('bn0046','$2b$12$eIXhD1YwFzQkLQ9R0O6B8e1Y6uJp9gE5MZkXGQn0qj2FhQZ3BvZ9K','BENHNHAN','BN0046'),
('bn0047','$2b$12$eIXhD1YwFzQkLQ9R0O6B8e1Y6uJp9gE5MZkXGQn0qj2FhQZ3BvZ9K','BENHNHAN','BN0047'),
('bn0048','$2b$12$eIXhD1YwFzQkLQ9R0O6B8e1Y6uJp9gE5MZkXGQn0qj2FhQZ3BvZ9K','BENHNHAN','BN0048'),
('bn0049','$2b$12$eIXhD1YwFzQkLQ9R0O6B8e1Y6uJp9gE5MZkXGQn0qj2FhQZ3BvZ9K','BENHNHAN','BN0049'),
('bn0050','$2b$12$eIXhD1YwFzQkLQ9R0O6B8e1Y6uJp9gE5MZkXGQn0qj2FhQZ3BvZ9K','BENHNHAN','BN0050'),
('bn0051','$2b$12$eIXhD1YwFzQkLQ9R0O6B8e1Y6uJp9gE5MZkXGQn0qj2FhQZ3BvZ9K','BENHNHAN','BN0051'),
('bn0052','$2b$12$eIXhD1YwFzQkLQ9R0O6B8e1Y6uJp9gE5MZkXGQn0qj2FhQZ3BvZ9K','BENHNHAN','BN0052'),
('bn0053','$2b$12$eIXhD1YwFzQkLQ9R0O6B8e1Y6uJp9gE5MZkXGQn0qj2FhQZ3BvZ9K','BENHNHAN','BN0053'),
('bn0054','$2b$12$eIXhD1YwFzQkLQ9R0O6B8e1Y6uJp9gE5MZkXGQn0qj2FhQZ3BvZ9K','BENHNHAN','BN0054'),
('bn0055','$2b$12$eIXhD1YwFzQkLQ9R0O6B8e1Y6uJp9gE5MZkXGQn0qj2FhQZ3BvZ9K','BENHNHAN','BN0055'),
('bn0056','$2b$12$eIXhD1YwFzQkLQ9R0O6B8e1Y6uJp9gE5MZkXGQn0qj2FhQZ3BvZ9K','BENHNHAN','BN0056'),
('bn0057','$2b$12$eIXhD1YwFzQkLQ9R0O6B8e1Y6uJp9gE5MZkXGQn0qj2FhQZ3BvZ9K','BENHNHAN','BN0057'),
('bn0058','$2b$12$eIXhD1YwFzQkLQ9R0O6B8e1Y6uJp9gE5MZkXGQn0qj2FhQZ3BvZ9K','BENHNHAN','BN0058'),
('bn0059','$2b$12$eIXhD1YwFzQkLQ9R0O6B8e1Y6uJp9gE5MZkXGQn0qj2FhQZ3BvZ9K','BENHNHAN','BN0059'),
('bn0060','$2b$12$eIXhD1YwFzQkLQ9R0O6B8e1Y6uJp9gE5MZkXGQn0qj2FhQZ3BvZ9K','BENHNHAN','BN0060'),
('bn0061','$2b$12$eIXhD1YwFzQkLQ9R0O6B8e1Y6uJp9gE5MZkXGQn0qj2FhQZ3BvZ9K','BENHNHAN','BN0061'),
('bn0062','$2b$12$eIXhD1YwFzQkLQ9R0O6B8e1Y6uJp9gE5MZkXGQn0qj2FhQZ3BvZ9K','BENHNHAN','BN0062'),
('bn0063','$2b$12$eIXhD1YwFzQkLQ9R0O6B8e1Y6uJp9gE5MZkXGQn0qj2FhQZ3BvZ9K','BENHNHAN','BN0063'),
('bn0064','$2b$12$eIXhD1YwFzQkLQ9R0O6B8e1Y6uJp9gE5MZkXGQn0qj2FhQZ3BvZ9K','BENHNHAN','BN0064'),
('bn0065','$2b$12$eIXhD1YwFzQkLQ9R0O6B8e1Y6uJp9gE5MZkXGQn0qj2FhQZ3BvZ9K','BENHNHAN','BN0065'),
('bn0066','$2b$12$eIXhD1YwFzQkLQ9R0O6B8e1Y6uJp9gE5MZkXGQn0qj2FhQZ3BvZ9K','BENHNHAN','BN0066'),
('bn0067','$2b$12$eIXhD1YwFzQkLQ9R0O6B8e1Y6uJp9gE5MZkXGQn0qj2FhQZ3BvZ9K','BENHNHAN','BN0067'),
('bn0068','$2b$12$eIXhD1YwFzQkLQ9R0O6B8e1Y6uJp9gE5MZkXGQn0qj2FhQZ3BvZ9K','BENHNHAN','BN0068'),
('bn0069','$2b$12$eIXhD1YwFzQkLQ9R0O6B8e1Y6uJp9gE5MZkXGQn0qj2FhQZ3BvZ9K','BENHNHAN','BN0069'),
('bn0070','$2b$12$eIXhD1YwFzQkLQ9R0O6B8e1Y6uJp9gE5MZkXGQn0qj2FhQZ3BvZ9K','BENHNHAN','BN0070'),
('bn0071','$2b$12$eIXhD1YwFzQkLQ9R0O6B8e1Y6uJp9gE5MZkXGQn0qj2FhQZ3BvZ9K','BENHNHAN','BN0071'),
('bn0072','$2b$12$eIXhD1YwFzQkLQ9R0O6B8e1Y6uJp9gE5MZkXGQn0qj2FhQZ3BvZ9K','BENHNHAN','BN0072'),
('bn0073','$2b$12$eIXhD1YwFzQkLQ9R0O6B8e1Y6uJp9gE5MZkXGQn0qj2FhQZ3BvZ9K','BENHNHAN','BN0073'),
('bn0074','$2b$12$eIXhD1YwFzQkLQ9R0O6B8e1Y6uJp9gE5MZkXGQn0qj2FhQZ3BvZ9K','BENHNHAN','BN0074'),
('bn0075','$2b$12$eIXhD1YwFzQkLQ9R0O6B8e1Y6uJp9gE5MZkXGQn0qj2FhQZ3BvZ9K','BENHNHAN','BN0075'),
('bn0076','$2b$12$eIXhD1YwFzQkLQ9R0O6B8e1Y6uJp9gE5MZkXGQn0qj2FhQZ3BvZ9K','BENHNHAN','BN0076'),
('bn0077','$2b$12$eIXhD1YwFzQkLQ9R0O6B8e1Y6uJp9gE5MZkXGQn0qj2FhQZ3BvZ9K','BENHNHAN','BN0077'),
('bn0078','$2b$12$eIXhD1YwFzQkLQ9R0O6B8e1Y6uJp9gE5MZkXGQn0qj2FhQZ3BvZ9K','BENHNHAN','BN0078'),
('bn0079','$2b$12$eIXhD1YwFzQkLQ9R0O6B8e1Y6uJp9gE5MZkXGQn0qj2FhQZ3BvZ9K','BENHNHAN','BN0079'),
('bn0080','$2b$12$eIXhD1YwFzQkLQ9R0O6B8e1Y6uJp9gE5MZkXGQn0qj2FhQZ3BvZ9K','BENHNHAN','BN0080'),
('bn0081','$2b$12$eIXhD1YwFzQkLQ9R0O6B8e1Y6uJp9gE5MZkXGQn0qj2FhQZ3BvZ9K','BENHNHAN','BN0081'),
('bn0082','$2b$12$eIXhD1YwFzQkLQ9R0O6B8e1Y6uJp9gE5MZkXGQn0qj2FhQZ3BvZ9K','BENHNHAN','BN0082'),
('bn0083','$2b$12$eIXhD1YwFzQkLQ9R0O6B8e1Y6uJp9gE5MZkXGQn0qj2FhQZ3BvZ9K','BENHNHAN','BN0083'),
('bn0084','$2b$12$eIXhD1YwFzQkLQ9R0O6B8e1Y6uJp9gE5MZkXGQn0qj2FhQZ3BvZ9K','BENHNHAN','BN0084'),
('bn0085','$2b$12$eIXhD1YwFzQkLQ9R0O6B8e1Y6uJp9gE5MZkXGQn0qj2FhQZ3BvZ9K','BENHNHAN','BN0085'),
('bn0086','$2b$12$eIXhD1YwFzQkLQ9R0O6B8e1Y6uJp9gE5MZkXGQn0qj2FhQZ3BvZ9K','BENHNHAN','BN0086'),
('bn0087','$2b$12$eIXhD1YwFzQkLQ9R0O6B8e1Y6uJp9gE5MZkXGQn0qj2FhQZ3BvZ9K','BENHNHAN','BN0087'),
('bn0088','$2b$12$eIXhD1YwFzQkLQ9R0O6B8e1Y6uJp9gE5MZkXGQn0qj2FhQZ3BvZ9K','BENHNHAN','BN0088'),
('bn0089','$2b$12$eIXhD1YwFzQkLQ9R0O6B8e1Y6uJp9gE5MZkXGQn0qj2FhQZ3BvZ9K','BENHNHAN','BN0089'),
('bn0090','$2b$12$eIXhD1YwFzQkLQ9R0O6B8e1Y6uJp9gE5MZkXGQn0qj2FhQZ3BvZ9K','BENHNHAN','BN0090'),
('bn0091','$2b$12$eIXhD1YwFzQkLQ9R0O6B8e1Y6uJp9gE5MZkXGQn0qj2FhQZ3BvZ9K','BENHNHAN','BN0091'),
('bn0092','$2b$12$eIXhD1YwFzQkLQ9R0O6B8e1Y6uJp9gE5MZkXGQn0qj2FhQZ3BvZ9K','BENHNHAN','BN0092'),
('bn0093','$2b$12$eIXhD1YwFzQkLQ9R0O6B8e1Y6uJp9gE5MZkXGQn0qj2FhQZ3BvZ9K','BENHNHAN','BN0093'),
('bn0094','$2b$12$eIXhD1YwFzQkLQ9R0O6B8e1Y6uJp9gE5MZkXGQn0qj2FhQZ3BvZ9K','BENHNHAN','BN0094'),
('bn0095','$2b$12$eIXhD1YwFzQkLQ9R0O6B8e1Y6uJp9gE5MZkXGQn0qj2FhQZ3BvZ9K','BENHNHAN','BN0095'),
('bn0096','$2b$12$eIXhD1YwFzQkLQ9R0O6B8e1Y6uJp9gE5MZkXGQn0qj2FhQZ3BvZ9K','BENHNHAN','BN0096'),
('bn0097','$2b$12$eIXhD1YwFzQkLQ9R0O6B8e1Y6uJp9gE5MZkXGQn0qj2FhQZ3BvZ9K','BENHNHAN','BN0097'),
('bn0098','$2b$12$eIXhD1YwFzQkLQ9R0O6B8e1Y6uJp9gE5MZkXGQn0qj2FhQZ3BvZ9K','BENHNHAN','BN0098'),
('bn0099','$2b$12$eIXhD1YwFzQkLQ9R0O6B8e1Y6uJp9gE5MZkXGQn0qj2FhQZ3BvZ9K','BENHNHAN','BN0099'),
('bn0100','$2b$12$eIXhD1YwFzQkLQ9R0O6B8e1Y6uJp9gE5MZkXGQn0qj2FhQZ3BvZ9K','BENHNHAN','BN0100');

-- --------------------------------------------------------

--
-- Cấu trúc bảng cho bảng `xuatvien`
--

CREATE TABLE `xuatvien` (
  `MABN` varchar(50) NOT NULL,
  `ngayxv` datetime NOT NULL
) ENGINE=InnoDB DEFAULT CHARSET=utf8mb4 COLLATE=utf8mb4_general_ci;

--
-- Đang đổ dữ liệu cho bảng `xuatvien`
--

INSERT INTO `xuatvien` (`MABN`, `ngayxv`) VALUES
('BN0001','2025-12-20'),
('BN0003','2025-12-20'),
('BN0004','2025-12-20'),
('BN0006','2025-12-16'),
('BN0011','2025-12-03'),
('BN0012','2025-12-20'),
('BN0013','2025-12-20'),
('BN0014','2025-12-20'),
('BN0015','2025-12-03'),
('BN0017','2025-12-04'),
('BN0018','2025-12-19'),
('BN0021','2025-12-14'),
('BN0022','2025-11-29'),
('BN0027','2025-12-20'),
('BN0028','2025-12-04'),
('BN0029','2025-12-02'),
('BN0032','2025-12-07'),
('BN0033','2025-12-09'),
('BN0035','2025-12-20'),
('BN0037','2025-12-11'),
('BN0039','2025-12-07'),
('BN0040','2025-12-18'),
('BN0043','2025-12-16'),
('BN0044','2025-12-14'),
('BN0045','2025-12-13'),
('BN0046','2025-12-14'),
('BN0047','2025-12-16'),
('BN0048','2025-12-10'),
('BN0049','2025-12-15'),
('BN0050','2025-12-01'),
('BN0052','2025-12-20'),
('BN0053','2025-11-30'),
('BN0054','2025-11-27'),
('BN0055','2025-12-20'),
('BN0057','2025-12-13'),
('BN0061','2025-12-06'),
('BN0062','2025-12-03'),
('BN0063','2025-12-10'),
('BN0065','2025-12-16'),
('BN0066','2025-12-20'),
('BN0068','2025-12-16'),
('BN0069','2025-12-20'),
('BN0070','2025-11-27'),
('BN0072','2025-12-19'),
('BN0073','2025-12-08'),
('BN0074','2025-12-20'),
('BN0077','2025-12-20'),
('BN0078','2025-12-20'),
('BN0079','2025-12-01'),
('BN0080','2025-12-12'),
('BN0081','2025-12-20'),
('BN0084','2025-12-07'),
('BN0085','2025-12-19'),
('BN0086','2025-12-20'),
('BN0087','2025-12-20'),
('BN0088','2025-12-13'),
('BN0089','2025-12-03'),
('BN0090','2025-12-15'),
('BN0091','2025-12-13'),
('BN0092','2025-12-20'),
('BN0093','2025-11-24'),
('BN0094','2025-12-05'),
('BN0095','2025-12-10'),
('BN0096','2025-12-06'),
('BN0097','2025-12-16'),
('BN0098','2025-12-20'),
('BN0100','2025-12-20');

--
-- Chỉ mục cho các bảng đã đổ
--

--
-- Chỉ mục cho bảng `bacsi`
--
ALTER TABLE `bacsi`
  ADD PRIMARY KEY (`MABS`);

--
-- Chỉ mục cho bảng `benhnhan`
--
ALTER TABLE `benhnhan`
  ADD PRIMARY KEY (`MABN`);

--
-- Chỉ mục cho bảng `bhyt`
--
ALTER TABLE `bhyt`
  ADD PRIMARY KEY (`MABHYT`,`MABN`),
  ADD KEY `fk_bhyt_benhnhan` (`MABN`);

--
-- Chỉ mục cho bảng `chitiet_dh`
--


--
-- Chỉ mục cho bảng `donthuoc`
--
ALTER TABLE `donthuoc`
  ADD PRIMARY KEY (`MADT`),
  ADD KEY `fk_donthuoc_benhnhan` (`MABN`),
  ADD KEY `fk_donthuoc_bacsi` (`MABS`);

--
-- Chỉ mục cho bảng `giuong`
--
ALTER TABLE `giuong`
  ADD PRIMARY KEY (`MAPHG`,`so`);

--
-- Chỉ mục cho bảng `hoadon`
--
ALTER TABLE `hoadon`
  ADD PRIMARY KEY (`MAHD`),
  ADD KEY `fk_hoadon_bhyt` (`MABHYT`),
  ADD KEY `fk_hoadon_chitiet` (`MADT`),
  ADD KEY `fk_hoadon_benhnhan` (`MABN`);

--
-- Chỉ mục cho bảng `khoa`
--
ALTER TABLE `khoa`
  ADD PRIMARY KEY (`MAKHOA`),
  ADD KEY `fk_khoa_truongkhoa` (`MATRG`);

--
-- Chỉ mục cho bảng `lamviec`
--
ALTER TABLE `lamviec`
  ADD PRIMARY KEY (`MAKHOA`,`MABS`),
  ADD KEY `fk_lamviec_bacsi` (`MABS`);

--
-- Chỉ mục cho bảng `nhapvien`
--
ALTER TABLE `nhapvien`
  ADD PRIMARY KEY (`MABN`,`ngaynv`),
  ADD KEY `fk_nhapvien_phongbenh` (`MAPHG`);

--
-- Chỉ mục cho bảng `phongbenh`
--
ALTER TABLE `phongbenh`
  ADD PRIMARY KEY (`MAPHG`),
  ADD KEY `fk_phongbenh_khoa` (`MAKHOA`);

--
-- Chỉ mục cho bảng `sokhambenh`
--
ALTER TABLE `sokhambenh`
  ADD PRIMARY KEY (`MASKB`),
  ADD KEY `fk_skb_benhnhan` (`MABN`),
  ADD KEY `fk_skb_donthuoc` (`MADT`),
  ADD KEY `fk_skb_khoa` (`MAKHOA`);

--
-- Chỉ mục cho bảng `soluongthuoc`
--
ALTER TABLE `soluongthuoc`
  ADD PRIMARY KEY (`MALO`),
  ADD KEY `fk_soluongthuoc_thuoc` (`MATHUOC`);

--
-- Chỉ mục cho bảng `thannhan`
--
ALTER TABLE `thannhan`
  ADD KEY `fk_thannhan_benhnhan` (`MABN`);

--
-- Chỉ mục cho bảng `thuoc`
--
ALTER TABLE `thuoc`
  ADD PRIMARY KEY (`MATHUOC`);

--
-- Chỉ mục cho bảng `toanha`
--
ALTER TABLE `toanha`
  ADD PRIMARY KEY (`MAKHOA`,`MAPHG`),
  ADD KEY `fk_toanha_phongbenh` (`MAPHG`);

--
-- Chỉ mục cho bảng `user`
--


--
-- Chỉ mục cho bảng `xuatvien`
--
ALTER TABLE `xuatvien`
  ADD PRIMARY KEY (`MABN`,`ngayxv`);

--
-- AUTO_INCREMENT cho các bảng đã đổ
--

--
-- AUTO_INCREMENT cho bảng `soluongthuoc`
--


--
-- AUTO_INCREMENT cho bảng `user`
--


--
-- Các ràng buộc cho các bảng đã đổ
--

--
-- Các ràng buộc cho bảng `benhnhan`
--
ALTER TABLE `benhnhan`
  ADD CONSTRAINT `fk_benhnhan_user` FOREIGN KEY (`MABN`) REFERENCES `user` (`username`);

--
-- Các ràng buộc cho bảng `bhyt`
--
ALTER TABLE `bhyt`
  ADD CONSTRAINT `fk_bhyt_benhnhan` FOREIGN KEY (`MABN`) REFERENCES `benhnhan` (`MABN`);

--
-- Các ràng buộc cho bảng `chitiet_dh`
--
ALTER TABLE `chitiet_dh`
  ADD CONSTRAINT `fk_ctdh_donthuoc` FOREIGN KEY (`MADT`) REFERENCES `donthuoc` (`MADT`),
  ADD CONSTRAINT `fk_ctdh_thuoc` FOREIGN KEY (`MATHUOC`) REFERENCES `thuoc` (`MATHUOC`);

--
-- Các ràng buộc cho bảng `donthuoc`
--
ALTER TABLE `donthuoc`
  ADD CONSTRAINT `fk_donthuoc_bacsi` FOREIGN KEY (`MABS`) REFERENCES `bacsi` (`MABS`),
  ADD CONSTRAINT `fk_donthuoc_benhnhan` FOREIGN KEY (`MABN`) REFERENCES `benhnhan` (`MABN`);

--
-- Các ràng buộc cho bảng `giuong`
--
ALTER TABLE `giuong`
  ADD CONSTRAINT `fk_giuong_phongbenh` FOREIGN KEY (`MAPHG`) REFERENCES `phongbenh` (`MAPHG`);

--
-- Các ràng buộc cho bảng `hoadon`
--
ALTER TABLE `hoadon`
  ADD CONSTRAINT `fk_hoadon_benhnhan` FOREIGN KEY (`MABN`) REFERENCES `benhnhan` (`MABN`),
  ADD CONSTRAINT `fk_hoadon_bhyt` FOREIGN KEY (`MABHYT`) REFERENCES `bhyt` (`MABHYT`),
  ADD CONSTRAINT `fk_hoadon_chitiet` FOREIGN KEY (`MADT`) REFERENCES `chitiet_dh` (`MADT`);

--
-- Các ràng buộc cho bảng `khoa`
--
ALTER TABLE `khoa`
  ADD CONSTRAINT `fk_khoa_truongkhoa` FOREIGN KEY (`MATRG`) REFERENCES `bacsi` (`MABS`);

--
-- Các ràng buộc cho bảng `lamviec`
--
ALTER TABLE `lamviec`
  ADD CONSTRAINT `fk_lamviec_bacsi` FOREIGN KEY (`MABS`) REFERENCES `bacsi` (`MABS`),
  ADD CONSTRAINT `fk_lamviec_khoa` FOREIGN KEY (`MAKHOA`) REFERENCES `khoa` (`MAKHOA`);

--
-- Các ràng buộc cho bảng `nhapvien`
--
ALTER TABLE `nhapvien`
  ADD CONSTRAINT `fk_nhapvien_benhnhan` FOREIGN KEY (`MABN`) REFERENCES `benhnhan` (`MABN`),
  ADD CONSTRAINT `fk_nhapvien_phongbenh` FOREIGN KEY (`MAPHG`) REFERENCES `phongbenh` (`MAPHG`);

--
-- Các ràng buộc cho bảng `phongbenh`
--
ALTER TABLE `phongbenh`
  ADD CONSTRAINT `fk_phongbenh_khoa` FOREIGN KEY (`MAKHOA`) REFERENCES `khoa` (`MAKHOA`);

--
-- Các ràng buộc cho bảng `sokhambenh`
--
ALTER TABLE `sokhambenh`
  ADD CONSTRAINT `fk_skb_benhnhan` FOREIGN KEY (`MABN`) REFERENCES `benhnhan` (`MABN`),
  ADD CONSTRAINT `fk_skb_donthuoc` FOREIGN KEY (`MADT`) REFERENCES `donthuoc` (`MADT`),
  ADD CONSTRAINT `fk_skb_khoa` FOREIGN KEY (`MAKHOA`) REFERENCES `khoa` (`MAKHOA`);

--
-- Các ràng buộc cho bảng `soluongthuoc`
--
ALTER TABLE `soluongthuoc`
  ADD CONSTRAINT `fk_soluongthuoc_thuoc` FOREIGN KEY (`MATHUOC`) REFERENCES `thuoc` (`MATHUOC`);

--
-- Các ràng buộc cho bảng `thannhan`
--
ALTER TABLE `thannhan`
  ADD CONSTRAINT `fk_thannhan_benhnhan` FOREIGN KEY (`MABN`) REFERENCES `benhnhan` (`MABN`);

--
-- Các ràng buộc cho bảng `toanha`
--
ALTER TABLE `toanha`
  ADD CONSTRAINT `fk_toanha_khoa` FOREIGN KEY (`MAKHOA`) REFERENCES `khoa` (`MAKHOA`),
  ADD CONSTRAINT `fk_toanha_phongbenh` FOREIGN KEY (`MAPHG`) REFERENCES `phongbenh` (`MAPHG`);

--
-- Các ràng buộc cho bảng `xuatvien`
--
ALTER TABLE `xuatvien`
  ADD CONSTRAINT `fk_xuatvien_benhnhan` FOREIGN KEY (`MABN`) REFERENCES `benhnhan` (`MABN`);
COMMIT;

/*!40101 SET CHARACTER_SET_CLIENT=@OLD_CHARACTER_SET_CLIENT */;
/*!40101 SET CHARACTER_SET_RESULTS=@OLD_CHARACTER_SET_RESULTS */;
/*!40101 SET COLLATION_CONNECTION=@OLD_COLLATION_CONNECTION */;
