/* =========================
1. KHOA
========================= */
INSERT INTO khoa VALUES
('K0001','Da liễu','BS0004'),
('K0002','Mắt','BS0032'),
('K0003','Ngoại tổng quát','BS0095'),
('K0004','Nội tổng quát','BS0095'),
('K0005','Hồi sức cấp cứu','BS0012'),
('K0006','Tai Mũi Họng','BS0005'),
('K0007','Nội tổng quát','BS0028'),
('K0008','Ngoại tổng quát','BS0078'),
('K0009','Nội tổng quát','BS0026'),
('K0010','Răng Hàm Mặt','BS0090');

/* =========================
2. BACSI
========================= */
INSERT INTO bacsi VALUES
('BS0001','Dương Diệu Trinh','Nữ','1960-03-23','09265423511','P101','Bác sĩ','K0006',FALSE),
('BS0002','Lê Thảo Tú','Nữ','1965-09-10','09295931034','P102','Tiến sĩ','K0004',FALSE),
('BS0003','Tô Thanh Minh','Nam','1983-06-07','09241928327','P103','Bác sĩ','K0009',TRUE),
('BS0004','Phạm Trung Thắng','Nam','1985-05-03','09239537672','P104','Bác sĩ','K0004',TRUE),
('BS0005','Tiêu Thảo Thủy','Nữ','1983-04-05','09287101226','P105','Thạc sĩ','K0007',TRUE),
('BS0006','Tăng Mỹ Huệ','Nữ','1960-11-24','09218451462','P106','Thạc sĩ','K0005',FALSE),
('BS0007','Châu Khánh Oanh','Nữ','1992-10-07','09225288095','P107','Thạc sĩ','K0002',FALSE),
('BS0008','Đoàn Hoài Ngọc Hoài','Nữ','1965-12-16','09218227824','P108','Thạc sĩ','K0010',TRUE),
('BS0009','Mạc Đình Quyết','Nam','1979-07-22','09257871331','P109','Bác sĩ','K0010',TRUE),
('BS0010','Nguyễn Thị Linh','Nữ','1974-02-02','09251834738','P110','Cử nhân','K0010',TRUE),
('BS0011','Lưu Quang Thiên','Nam','1966-11-14','09256670106','P111','Bác sĩ CKI','K0002',TRUE),
('BS0012','Phùng Anh Long','Nam','1989-04-28','09217810801','P112','Bác sĩ CKII','K0004',TRUE),
('BS0013','Ngô Thu Thi','Nữ','1984-01-13','09247468723','P113','Bác sĩ','K0001',TRUE),
('BS0014','Trịnh Phương Xuân Hương','Nữ','1993-03-02','09281219136','P114','Cử nhân','K0010',TRUE),
('BS0015','Nghiêm Hoài Mai','Nữ','1993-06-30','09243534624','P115','Thạc sĩ','K0002',TRUE),
('BS0016','Lại Mai Xuân Nhung','Nữ','1976-03-30','09251354278','P116','Bác sĩ CKI','K0010',FALSE),
('BS0017','Tăng Xuân Bích','Nữ','1979-11-04','09224118244','P117','Thạc sĩ','K0006',TRUE),
('BS0018','Đinh Mỹ Yên','Nữ','1963-02-21','09264005242','P118','Bác sĩ CKI','K0009',TRUE),
('BS0019','Vũ Hồng Linh','Nữ','1969-09-02','09259826204','P119','Bác sĩ','K0001',FALSE),
('BS0020','Lý Chí Thế Nguyên','Nam','1969-04-28','09222602563','P120','Bác sĩ','K0002',TRUE),
('BS0021','Lưu Nhật Hải Thắng','Nam','1979-04-08','09203654145','P121','Thạc sĩ','K0007',TRUE),
('BS0022','Lâm Khánh Thu Dung','Nữ','1976-01-04','09296556981','P122','Bác sĩ','K0010',TRUE),
('BS0023','Tạ Chí An','Nam','1972-06-14','09215951484','P123','Thạc sĩ','K0006',TRUE),
('BS0024','Võ Mạnh Sơn','Nam','1971-10-19','09246804436','P124','Bác sĩ CKI','K0010',TRUE),
('BS0025','Phùng Quốc Đăng Nhân','Nam','1970-11-03','09248951343','P125','Bác sĩ CKI','K0003',TRUE),
('BS0026','Lưu Đức Luân','Nam','1989-07-29','09293676320','P126','Bác sĩ CKII','K0002',FALSE),
('BS0027','Tăng Gia Quang Hòa','Nam','1989-03-26','09278895798','P127','Thạc sĩ','K0009',TRUE),
('BS0028','Lưu Gia Hậu','Nam','1977-09-16','09234714345','P128','Bác sĩ','K0009',TRUE),
('BS0029','Lương Đình Đức Phi','Nam','1986-07-11','09287603669','P129','Bác sĩ CKII','K0001',FALSE),
('BS0030','Lương Bảo Khánh Vi','Nữ','1984-07-18','09289373467','P130','Cử nhân','K0006',TRUE),
('BS0031','Bùi Hoài Uyên','Nữ','1994-01-30','09269901627','P131','Bác sĩ','K0005',TRUE),
('BS0032','Trịnh Mạnh Bảo','Nam','1977-07-09','09217080531','P132','Bác sĩ CKI','K0001',FALSE),
('BS0033','Hồ Mai Chi','Nữ','1968-08-22','09219374529','P133','Thạc sĩ','K0002',FALSE),
('BS0034','Đoàn Tuấn Hưng','Nam','1984-07-31','09231931491','P134','Bác sĩ CKI','K0010',FALSE),
('BS0035','Tạ Công Nguyên','Nam','1981-01-28','09267165726','P135','Bác sĩ','K0009',FALSE),
('BS0036','Mạc Thế Sáng','Nam','1977-06-28','09231473799','P136','Thạc sĩ','K0006',TRUE),
('BS0037','Đỗ Diệu Khánh Vy','Nữ','1981-05-29','09294808313','P137','Bác sĩ CKI','K0008',TRUE),
('BS0038','Lưu Nhật Nghĩa','Nam','1961-02-10','09236349578','P138','Thạc sĩ','K0007',FALSE),
('BS0039','Mai Khánh Tú','Nữ','1974-02-24','09235182337','P139','Bác sĩ','K0010',FALSE),
('BS0040','Hà Khánh Nhung','Nữ','1974-06-06','09240824008','P140','Bác sĩ','K0003',TRUE),
('BS0041','Phan Phương Bích','Nữ','1990-08-11','09220471167','P141','Cử nhân','K0001',TRUE),
('BS0042','Đoàn Ngọc Mai','Nữ','1995-07-20','09299386774','P142','Bác sĩ CKII','K0007',TRUE),
('BS0043','Nghiêm Mai Nhung','Nữ','1973-05-22','09212328120','P143','Thạc sĩ','K0010',TRUE),
('BS0044','Hà Nhật Phúc','Nam','1964-11-08','09249361832','P144','Bác sĩ CKII','K0003',TRUE),
('BS0045','Đoàn Bá Lộc','Nam','1978-08-04','09274648877','P145','Cử nhân','K0001',FALSE),
('BS0046','Quách Mai Kim Huệ','Nữ','1961-11-27','09249027874','P146','Bác sĩ','K0010',TRUE),
('BS0047','Huỳnh Bảo Vân','Nữ','1980-11-04','09225674680','P147','Thạc sĩ','K0006',TRUE),
('BS0048','Cao Văn Trọng','Nam','1994-08-14','09203859770','P148','Bác sĩ','K0009',TRUE),
('BS0049','Thái Thiên Phước Khoa','Nam','1975-12-06','09248086131','P149','Thạc sĩ','K0002',TRUE),
('BS0050','Hà Thế Khang','Nam','1990-08-08','09278263982','P150','Bác sĩ CKII','K0005',FALSE),
('BS0051','Lâm Thị Yên','Nữ','1978-12-10','09299727875','P151','Bác sĩ','K0009',TRUE),
('BS0052','Hồ Mai Hoài','Nữ','1986-01-11','09276627028','P152','Tiến sĩ','K0006',FALSE),
('BS0053','Phùng Phương Nhung','Nữ','1960-12-05','09262174596','P153','Thạc sĩ','K0006',FALSE),
('BS0054','Lương Diệu Minh','Nữ','1991-09-02','09291343161','P154','Bác sĩ CKI','K0002',TRUE),
('BS0055','Trần Thị Hà','Nữ','1978-06-12','09262386922','P155','Bác sĩ','K0010',FALSE),
('BS0056','Lý Thu Xuyến','Nữ','1974-08-21','09247407482','P156','Cử nhân','K0006',FALSE),
('BS0057','Tạ Tuấn Phi','Nam','1972-07-28','09271369594','P157','Tiến sĩ','K0005',TRUE),
('BS0058','Cao Mỹ Kim Lam','Nữ','1963-10-24','09274395339','P158','Bác sĩ','K0003',TRUE),
('BS0059','Lê Thị Mẫn','Nữ','1983-12-05','09214562328','P159','Bác sĩ CKII','K0006',TRUE),
('BS0060','Bùi Phương Huệ','Nữ','1978-12-28','09251712368','P160','Bác sĩ','K0007',TRUE),
('BS0061','Tô Kim Phượng','Nữ','1976-10-13','09251370985','P101','Bác sĩ CKII','K0004',TRUE),
('BS0062','Tô Ngọc Ly','Nữ','1968-01-31','09204711382','P102','Bác sĩ','K0006',TRUE),
('BS0063','Mạc Hồng Thùy','Nữ','1969-07-21','09217964053','P103','Thạc sĩ','K0004',FALSE),
('BS0064','Vương Thiên Khôi','Nam','1982-01-13','09243171390','P104','Cử nhân','K0006',TRUE),
('BS0065','Lại Chí Đình Tài','Nam','1973-04-11','09229042284','P105','Bác sĩ CKI','K0002',TRUE),
('BS0066','Nguyễn Gia Công','Nam','1980-01-06','09240268117','P106','Thạc sĩ','K0006',TRUE),
('BS0067','Châu Hữu Thắng','Nam','1993-05-15','09200766177','P107','Cử nhân','K0002',TRUE),
('BS0068','Võ Bá Vinh','Nam','1995-12-11','09269847896','P108','Cử nhân','K0002',FALSE),
('BS0069','Thạch Mai Giao','Nữ','1986-06-27','09276615654','P109','Bác sĩ','K0003',TRUE),
('BS0070','Huỳnh Thế Quang Thông','Nam','1983-03-18','09209885165','P110','Bác sĩ CKII','K0007',FALSE),
('BS0071','Hà Hoài Mẫn','Nữ','1992-04-05','09273158514','P111','Thạc sĩ','K0007',FALSE),
('BS0072','Nghiêm Kim Dung','Nữ','1977-01-06','09244550229','P112','Thạc sĩ','K0002',TRUE),
('BS0073','Trần Mai Nga','Nữ','1984-07-15','09252545991','P113','Bác sĩ CKII','K0003',TRUE),
('BS0074','Huỳnh Thảo Kiều','Nữ','1991-10-15','09264381561','P114','Bác sĩ','K0010',TRUE),
('BS0075','Lê Hoài Hiền','Nữ','1963-01-07','09243244510','P115','Thạc sĩ','K0007',TRUE),
('BS0076','Dương Trọng Khang','Nam','1982-02-13','09206071596','P116','Thạc sĩ','K0007',TRUE),
('BS0077','Trịnh Phước Phong','Nam','1989-12-30','09251613696','P117','Thạc sĩ','K0007',FALSE),
('BS0078','Dương Ngọc Ngân','Nữ','1992-11-04','09288355231','P118','Cử nhân','K0004',TRUE),
('BS0079','Hoàng Thiên Quân','Nam','1991-08-25','09299799552','P119','Thạc sĩ','K0008',TRUE),
('BS0080','Trương Công Đức Linh','Nam','1979-08-15','09200541199','P120','Thạc sĩ','K0008',TRUE),
('BS0081','Lê Hoài Trinh','Nữ','1972-06-20','09278207151','P121','Thạc sĩ','K0003',TRUE),
('BS0082','Phùng Khánh Ánh','Nữ','1984-07-25','09259051518','P122','Thạc sĩ','K0005',TRUE),
('BS0083','Quách Hoài Nhi','Nữ','1969-06-10','09262914865','P123','Bác sĩ CKI','K0009',TRUE),
('BS0084','Châu Khánh Thu Như','Nữ','1973-06-25','09273322141','P124','Thạc sĩ','K0009',FALSE),
('BS0085','Lê Hoài Ngọc','Nữ','1968-10-13','09222292706','P125','Bác sĩ','K0004',FALSE),
('BS0086','Phùng Khánh Hoa','Nữ','1990-04-12','09297746886','P126','Tiến sĩ','K0004',FALSE),
('BS0087','Đinh Hải Dũng','Nam','1995-02-23','09281412478','P127','Cử nhân','K0007',TRUE),
('BS0088','Phùng Thảo Nguyệt','Nữ','1963-07-17','09253615305','P128','Bác sĩ CKII','K0006',FALSE),
('BS0089','Hà Viết Tùng','Nam','1968-12-16','09279010432','P129','Thạc sĩ','K0010',TRUE),
('BS0090','Hà Hữu Trí','Nam','1975-07-21','09297117980','P130','Thạc sĩ','K0010',TRUE),
('BS0091','Tạ Gia An','Nam','1986-03-22','09218518888','P131','Thạc sĩ','K0007',FALSE),
('BS0092','Lương Văn Duy','Nam','1982-02-12','09231952058','P132','Bác sĩ','K0003',FALSE),
('BS0093','Lưu Ngọc Diệp','Nữ','1989-01-10','09230305486','P133','Tiến sĩ','K0009',TRUE),
('BS0094','Hồ Hữu Việt','Nam','1981-05-04','09256676527','P134','Thạc sĩ','K0006',FALSE),
('BS0095','Huỳnh Hoài Thu Thủy','Nữ','1994-05-11','09211544796','P135','Bác sĩ','K0008',TRUE),
('BS0096','Mai Anh Luân','Nam','1963-02-22','09265820297','P136','Cử nhân','K0002',TRUE),
('BS0097','Vương Thị Sương','Nữ','1969-11-15','09255719285','P137','Bác sĩ','K0005',TRUE),
('BS0098','Đỗ Chí Khải','Nam','1967-05-25','09247394731','P138','Cử nhân','K0002',TRUE),
('BS0099','Phùng Mỹ Nga','Nữ','1980-11-12','09218844225','P139','Thạc sĩ','K0002',FALSE),
('BS0100','Lý Xuân Hoài Xuyến','Nữ','1983-08-26','09282911467','P140','Thạc sĩ','K0007',FALSE);

/* =========================
3. LAMVIEC
========================= */
INSERT INTO lamviec VALUES
('K0006','BS0001',3),
('K0004','BS0002',5),
('K0009','BS0003',11),
('K0004','BS0004',21),
('K0007','BS0005',3),
('K0005','BS0006',15),
('K0002','BS0007',15),
('K0010','BS0008',22),
('K0010','BS0009',17),
('K0010','BS0010',12),
('K0002','BS0011',5),
('K0004','BS0012',25),
('K0001','BS0013',18),
('K0010','BS0014',21),
('K0002','BS0015',19),
('K0010','BS0016',6),
('K0006','BS0017',25),
('K0009','BS0018',5),
('K0001','BS0019',14),
('K0002','BS0020',17),
('K0007','BS0021',2),
('K0010','BS0022',4),
('K0006','BS0023',17),
('K0010','BS0024',5),
('K0003','BS0025',10),
('K0002','BS0026',6),
('K0009','BS0027',6),
('K0009','BS0028',11),
('K0001','BS0029',23),
('K0006','BS0030',8),
('K0005','BS0031',12),
('K0001','BS0032',17),
('K0002','BS0033',10),
('K0010','BS0034',3),
('K0009','BS0035',9),
('K0006','BS0036',7),
('K0008','BS0037',21),
('K0007','BS0038',18),
('K0010','BS0039',9),
('K0003','BS0040',5),
('K0001','BS0041',21),
('K0007','BS0042',10),
('K0010','BS0043',20),
('K0003','BS0044',18),
('K0001','BS0045',3),
('K0010','BS0046',17),
('K0006','BS0047',21),
('K0009','BS0048',6),
('K0002','BS0049',19),
('K0005','BS0050',19),
('K0009','BS0051',5),
('K0006','BS0052',6),
('K0006','BS0053',22),
('K0002','BS0054',20),
('K0010','BS0055',24),
('K0006','BS0056',20),
('K0005','BS0057',11),
('K0003','BS0058',19),
('K0006','BS0059',2),
('K0007','BS0060',1),
('K0004','BS0061',3),
('K0006','BS0062',2),
('K0004','BS0063',21),
('K0006','BS0064',25),
('K0002','BS0065',19),
('K0006','BS0066',9),
('K0002','BS0067',21),
('K0002','BS0068',7),
('K0003','BS0069',25),
('K0007','BS0070',19),
('K0007','BS0071',14),
('K0002','BS0072',20),
('K0003','BS0073',21),
('K0010','BS0074',1),
('K0007','BS0075',16),
('K0007','BS0076',21),
('K0007','BS0077',18),
('K0004','BS0078',10),
('K0008','BS0079',21),
('K0008','BS0080',10),
('K0003','BS0081',16),
('K0005','BS0082',8),
('K0009','BS0083',22),
('K0009','BS0084',13),
('K0004','BS0085',10),
('K0004','BS0086',15),
('K0007','BS0087',3),
('K0006','BS0088',23),
('K0010','BS0089',2),
('K0010','BS0090',6),
('K0007','BS0091',15),
('K0003','BS0092',14),
('K0009','BS0093',16),
('K0006','BS0094',15),
('K0008','BS0095',7),
('K0002','BS0096',11),
('K0005','BS0097',20),
('K0002','BS0098',5),
('K0002','BS0099',11),
('K0007','BS0100',23);

/* =========================
4. PHONGBENH
========================= */
INSERT INTO phongbenh VALUES
('P0001','K0006',15,350000),
('P0002','K0003',15,400000),
('P0003','K0009',7,300000),
('P0004','K0004',18,200000),
('P0005','K0005',18,250000),
('P0006','K0003',7,200000),
('P0007','K0005',16,600000),
('P0008','K0010',17,250000),
('P0009','K0003',14,400000),
('P0010','K0006',10,600000),
('P0011','K0003',19,400000),
('P0012','K0008',19,300000),
('P0013','K0008',4,200000),
('P0014','K0007',20,350000),
('P0015','K0004',10,400000),
('P0016','K0006',5,200000),
('P0017','K0005',19,400000),
('P0018','K0008',13,400000),
('P0019','K0001',7,350000),
('P0020','K0003',12,500000),
('P0021','K0006',16,300000),
('P0022','K0001',16,200000),
('P0023','K0010',21,250000),
('P0024','K0006',21,300000),
('P0025','K0002',16,400000),
('P0026','K0008',21,300000),
('P0027','K0010',25,400000),
('P0028','K0002',8,200000),
('P0029','K0007',15,600000),
('P0030','K0006',21,300000),
('P0031','K0003',10,400000),
('P0032','K0009',16,400000),
('P0033','K0001',5,200000),
('P0034','K0003',14,600000),
('P0035','K0008',20,350000),
('P0036','K0003',23,400000),
('P0037','K0003',14,400000),
('P0038','K0006',9,350000),
('P0039','K0010',13,400000),
('P0040','K0006',20,600000),
('P0041','K0009',21,350000),
('P0042','K0010',13,350000),
('P0043','K0001',15,300000),
('P0044','K0002',17,400000),
('P0045','K0005',24,200000),
('P0046','K0010',19,300000),
('P0047','K0010',22,250000),
('P0048','K0001',22,350000),
('P0049','K0003',20,500000),
('P0050','K0010',16,250000);

/* =========================
5. TOANHA
========================= */
INSERT INTO toanha VALUES
('K0006','P0001','Tòa G'),
('K0003','P0002','Tòa F'),
('K0009','P0003','Tòa B'),
('K0004','P0004','Tòa A'),
('K0005','P0005','Tòa E'),
('K0003','P0006','Tòa F'),
('K0005','P0007','Tòa A'),
('K0010','P0008','Tòa B'),
('K0003','P0009','Tòa A'),
('K0006','P0010','Tòa D'),
('K0003','P0011','Tòa C'),
('K0008','P0012','Tòa D'),
('K0008','P0013','Tòa B'),
('K0007','P0014','Tòa D'),
('K0004','P0015','Tòa F'),
('K0006','P0016','Tòa B'),
('K0005','P0017','Tòa D'),
('K0008','P0018','Tòa E'),
('K0001','P0019','Tòa G'),
('K0003','P0020','Tòa E'),
('K0006','P0021','Tòa D'),
('K0001','P0022','Tòa G'),
('K0010','P0023','Tòa G'),
('K0006','P0024','Tòa F'),
('K0002','P0025','Tòa F'),
('K0008','P0026','Tòa A'),
('K0010','P0027','Tòa F'),
('K0002','P0028','Tòa B'),
('K0007','P0029','Tòa E'),
('K0006','P0030','Tòa B'),
('K0003','P0031','Tòa E'),
('K0009','P0032','Tòa C'),
('K0001','P0033','Tòa F'),
('K0003','P0034','Tòa D'),
('K0008','P0035','Tòa E'),
('K0003','P0036','Tòa D'),
('K0003','P0037','Tòa C'),
('K0006','P0038','Tòa B'),
('K0010','P0039','Tòa D'),
('K0006','P0040','Tòa E'),
('K0009','P0041','Tòa C'),
('K0010','P0042','Tòa E'),
('K0001','P0043','Tòa C'),
('K0002','P0044','Tòa F'),
('K0005','P0045','Tòa G'),
('K0010','P0046','Tòa G'),
('K0010','P0047','Tòa F'),
('K0001','P0048','Tòa F'),
('K0003','P0049','Tòa F'),
('K0010','P0050','Tòa G');

/* =========================
6. GIUONG
========================= */
INSERT INTO giuong VALUES
('P0001',1,1),
('P0001',2,1),
('P0001',3,1),
('P0001',4,1),
('P0001',5,1),
('P0001',6,1),
('P0001',7,1),
('P0001',8,1),
('P0001',9,0),
('P0001',10,0),
('P0001',11,0),
('P0001',12,0),
('P0001',13,0),
('P0001',14,0),
('P0001',15,0),
('P0002',1,1),
('P0002',2,1),
('P0002',3,1),
('P0002',4,1),
('P0002',5,1),
('P0002',6,1),
('P0002',7,1),
('P0002',8,1),
('P0002',9,1),
('P0002',10,1),
('P0002',11,1),
('P0002',12,1),
('P0002',13,1),
('P0002',14,1),
('P0002',15,1),
('P0003',1,1),
('P0003',2,1),
('P0003',3,1),
('P0003',4,0),
('P0003',5,0),
('P0003',6,0),
('P0003',7,0),
('P0004',1,1),
('P0004',2,1),
('P0004',3,1),
('P0004',4,1),
('P0004',5,1),
('P0004',6,1),
('P0004',7,1),
('P0004',8,0),
('P0004',9,0),
('P0004',10,0),
('P0004',11,0),
('P0004',12,0),
('P0004',13,0),
('P0004',14,0),
('P0004',15,0),
('P0004',16,0),
('P0004',17,0),
('P0004',18,0),
('P0005',1,1),
('P0005',2,1),
('P0005',3,1),
('P0005',4,1),
('P0005',5,1),
('P0005',6,1),
('P0005',7,1),
('P0005',8,1),
('P0005',9,0),
('P0005',10,0),
('P0005',11,0),
('P0005',12,0),
('P0005',13,0),
('P0005',14,0),
('P0005',15,0),
('P0005',16,0),
('P0005',17,0),
('P0005',18,0),
('P0006',1,1),
('P0006',2,1),
('P0006',3,1),
('P0006',4,1),
('P0006',5,0),
('P0006',6,0),
('P0006',7,0),
('P0007',1,1),
('P0007',2,1),
('P0007',3,1),
('P0007',4,1),
('P0007',5,1),
('P0007',6,1),
('P0007',7,1),
('P0007',8,0),
('P0007',9,0),
('P0007',10,0),
('P0007',11,0),
('P0007',12,0),
('P0007',13,0),
('P0007',14,0),
('P0007',15,0),
('P0007',16,0),
('P0008',1,1),
('P0008',2,1),
('P0008',3,1),
('P0008',4,1),
('P0008',5,1),
('P0008',6,1),
('P0008',7,1),
('P0008',8,1),
('P0008',9,1),
('P0008',10,0),
('P0008',11,0),
('P0008',12,0),
('P0008',13,0),
('P0008',14,0),
('P0008',15,0),
('P0008',16,0),
('P0008',17,0),
('P0009',1,1),
('P0009',2,1),
('P0009',3,1),
('P0009',4,1),
('P0009',5,1),
('P0009',6,1),
('P0009',7,1),
('P0009',8,1),
('P0009',9,1),
('P0009',10,1),
('P0009',11,1),
('P0009',12,1),
('P0009',13,0),
('P0009',14,0),
('P0010',1,1),
('P0010',2,1),
('P0010',3,1),
('P0010',4,1),
('P0010',5,0),
('P0010',6,0),
('P0010',7,0),
('P0010',8,0),
('P0010',9,0),
('P0010',10,0),
('P0011',1,1),
('P0011',2,1),
('P0011',3,1),
('P0011',4,1),
('P0011',5,1),
('P0011',6,1),
('P0011',7,0),
('P0011',8,0),
('P0011',9,0),
('P0011',10,0),
('P0011',11,0),
('P0011',12,0),
('P0011',13,0),
('P0011',14,0),
('P0011',15,0),
('P0011',16,0),
('P0011',17,0),
('P0011',18,0),
('P0011',19,0),
('P0012',1,1),
('P0012',2,1),
('P0012',3,1),
('P0012',4,1),
('P0012',5,1),
('P0012',6,1),
('P0012',7,1),
('P0012',8,1),
('P0012',9,1),
('P0012',10,1),
('P0012',11,1),
('P0012',12,1),
('P0012',13,1),
('P0012',14,1),
('P0012',15,1),
('P0012',16,0),
('P0012',17,0),
('P0012',18,0),
('P0012',19,0),
('P0013',1,1),
('P0013',2,1),
('P0013',3,0),
('P0013',4,0),
('P0014',1,1),
('P0014',2,1),
('P0014',3,1),
('P0014',4,1),
('P0014',5,1),
('P0014',6,1),
('P0014',7,1),
('P0014',8,1),
('P0014',9,1),
('P0014',10,1),
('P0014',11,1),
('P0014',12,1),
('P0014',13,1),
('P0014',14,1),
('P0014',15,1),
('P0014',16,0),
('P0014',17,0),
('P0014',18,0),
('P0014',19,0),
('P0014',20,0),
('P0015',1,1),
('P0015',2,1),
('P0015',3,1),
('P0015',4,1),
('P0015',5,1),
('P0015',6,0),
('P0015',7,0),
('P0015',8,0),
('P0015',9,0),
('P0015',10,0),
('P0016',1,1),
('P0016',2,1),
('P0016',3,1),
('P0016',4,1),
('P0016',5,0),
('P0017',1,1),
('P0017',2,1),
('P0017',3,1),
('P0017',4,1),
('P0017',5,1),
('P0017',6,1),
('P0017',7,1),
('P0017',8,1),
('P0017',9,0),
('P0017',10,0),
('P0017',11,0),
('P0017',12,0),
('P0017',13,0),
('P0017',14,0),
('P0017',15,0),
('P0017',16,0),
('P0017',17,0),
('P0017',18,0),
('P0017',19,0),
('P0018',1,1),
('P0018',2,1),
('P0018',3,1),
('P0018',4,1),
('P0018',5,0),
('P0018',6,0),
('P0018',7,0),
('P0018',8,0),
('P0018',9,0),
('P0018',10,0),
('P0018',11,0),
('P0018',12,0),
('P0018',13,0),
('P0019',1,1),
('P0019',2,0),
('P0019',3,0),
('P0019',4,0),
('P0019',5,0),
('P0019',6,0),
('P0019',7,0),
('P0020',1,1),
('P0020',2,1),
('P0020',3,1),
('P0020',4,1),
('P0020',5,1),
('P0020',6,1),
('P0020',7,1),
('P0020',8,1),
('P0020',9,1),
('P0020',10,0),
('P0020',11,0),
('P0020',12,0),
('P0021',1,1),
('P0021',2,1),
('P0021',3,1),
('P0021',4,1),
('P0021',5,1),
('P0021',6,1),
('P0021',7,1),
('P0021',8,1),
('P0021',9,1),
('P0021',10,1),
('P0021',11,1),
('P0021',12,1),
('P0021',13,0),
('P0021',14,0),
('P0021',15,0),
('P0021',16,0),
('P0022',1,1),
('P0022',2,1),
('P0022',3,1),
('P0022',4,1),
('P0022',5,1),
('P0022',6,1),
('P0022',7,1),
('P0022',8,1),
('P0022',9,1),
('P0022',10,1),
('P0022',11,1),
('P0022',12,1),
('P0022',13,0),
('P0022',14,0),
('P0022',15,0),
('P0022',16,0),
('P0023',1,1),
('P0023',2,1),
('P0023',3,1),
('P0023',4,1),
('P0023',5,1),
('P0023',6,1),
('P0023',7,1),
('P0023',8,1),
('P0023',9,1),
('P0023',10,1),
('P0023',11,1),
('P0023',12,0),
('P0023',13,0),
('P0023',14,0),
('P0023',15,0),
('P0023',16,0),
('P0023',17,0),
('P0023',18,0),
('P0023',19,0),
('P0023',20,0),
('P0023',21,0),
('P0024',1,1),
('P0024',2,1),
('P0024',3,1),
('P0024',4,1),
('P0024',5,0),
('P0024',6,0),
('P0024',7,0),
('P0024',8,0),
('P0024',9,0),
('P0024',10,0),
('P0024',11,0),
('P0024',12,0),
('P0024',13,0),
('P0024',14,0),
('P0024',15,0),
('P0024',16,0),
('P0024',17,0),
('P0024',18,0),
('P0024',19,0),
('P0024',20,0),
('P0024',21,0),
('P0025',1,1),
('P0025',2,1),
('P0025',3,1),
('P0025',4,1),
('P0025',5,1),
('P0025',6,1),
('P0025',7,1),
('P0025',8,1),
('P0025',9,1),
('P0025',10,0),
('P0025',11,0),
('P0025',12,0),
('P0025',13,0),
('P0025',14,0),
('P0025',15,0),
('P0025',16,0),
('P0026',1,1),
('P0026',2,0),
('P0026',3,0),
('P0026',4,0),
('P0026',5,0),
('P0026',6,0),
('P0026',7,0),
('P0026',8,0),
('P0026',9,0),
('P0026',10,0),
('P0026',11,0),
('P0026',12,0),
('P0026',13,0),
('P0026',14,0),
('P0026',15,0),
('P0026',16,0),
('P0026',17,0),
('P0026',18,0),
('P0026',19,0),
('P0026',20,0),
('P0026',21,0),
('P0027',1,1),
('P0027',2,1),
('P0027',3,1),
('P0027',4,1),
('P0027',5,1),
('P0027',6,1),
('P0027',7,1),
('P0027',8,1),
('P0027',9,1),
('P0027',10,0),
('P0027',11,0),
('P0027',12,0),
('P0027',13,0),
('P0027',14,0),
('P0027',15,0),
('P0027',16,0),
('P0027',17,0),
('P0027',18,0),
('P0027',19,0),
('P0027',20,0),
('P0027',21,0),
('P0027',22,0),
('P0027',23,0),
('P0027',24,0),
('P0027',25,0),
('P0028',1,1),
('P0028',2,0),
('P0028',3,0),
('P0028',4,0),
('P0028',5,0),
('P0028',6,0),
('P0028',7,0),
('P0028',8,0),
('P0029',1,1),
('P0029',2,1),
('P0029',3,1),
('P0029',4,1),
('P0029',5,1),
('P0029',6,1),
('P0029',7,1),
('P0029',8,1),
('P0029',9,1),
('P0029',10,1),
('P0029',11,1),
('P0029',12,0),
('P0029',13,0),
('P0029',14,0),
('P0029',15,0),
('P0030',1,1),
('P0030',2,1),
('P0030',3,1),
('P0030',4,1),
('P0030',5,1),
('P0030',6,1),
('P0030',7,1),
('P0030',8,1),
('P0030',9,1),
('P0030',10,1),
('P0030',11,1),
('P0030',12,1),
('P0030',13,1),
('P0030',14,1),
('P0030',15,0),
('P0030',16,0),
('P0030',17,0),
('P0030',18,0),
('P0030',19,0),
('P0030',20,0),
('P0030',21,0),
('P0031',1,1),
('P0031',2,1),
('P0031',3,1),
('P0031',4,1),
('P0031',5,1),
('P0031',6,1),
('P0031',7,1),
('P0031',8,1),
('P0031',9,1),
('P0031',10,1),
('P0032',1,1),
('P0032',2,1),
('P0032',3,1),
('P0032',4,1),
('P0032',5,1),
('P0032',6,1),
('P0032',7,1),
('P0032',8,1),
('P0032',9,0),
('P0032',10,0),
('P0032',11,0),
('P0032',12,0),
('P0032',13,0),
('P0032',14,0),
('P0032',15,0),
('P0032',16,0),
('P0033',1,1),
('P0033',2,1),
('P0033',3,1),
('P0033',4,1),
('P0033',5,1),
('P0034',1,1),
('P0034',2,1),
('P0034',3,1),
('P0034',4,1),
('P0034',5,1),
('P0034',6,1),
('P0034',7,1),
('P0034',8,0),
('P0034',9,0),
('P0034',10,0),
('P0034',11,0),
('P0034',12,0),
('P0034',13,0),
('P0034',14,0),
('P0035',1,1),
('P0035',2,1),
('P0035',3,1),
('P0035',4,1),
('P0035',5,1),
('P0035',6,1),
('P0035',7,0),
('P0035',8,0),
('P0035',9,0),
('P0035',10,0),
('P0035',11,0),
('P0035',12,0),
('P0035',13,0),
('P0035',14,0),
('P0035',15,0),
('P0035',16,0),
('P0035',17,0),
('P0035',18,0),
('P0035',19,0),
('P0035',20,0),
('P0036',1,1),
('P0036',2,1),
('P0036',3,1),
('P0036',4,1),
('P0036',5,1),
('P0036',6,1),
('P0036',7,0),
('P0036',8,0),
('P0036',9,0),
('P0036',10,0),
('P0036',11,0),
('P0036',12,0),
('P0036',13,0),
('P0036',14,0),
('P0036',15,0),
('P0036',16,0),
('P0036',17,0),
('P0036',18,0),
('P0036',19,0),
('P0036',20,0),
('P0036',21,0),
('P0036',22,0),
('P0036',23,0),
('P0037',1,1),
('P0037',2,1),
('P0037',3,1),
('P0037',4,1),
('P0037',5,1),
('P0037',6,1),
('P0037',7,1),
('P0037',8,1),
('P0037',9,1),
('P0037',10,1),
('P0037',11,1),
('P0037',12,1),
('P0037',13,1),
('P0037',14,0),
('P0038',1,1),
('P0038',2,1),
('P0038',3,1),
('P0038',4,1),
('P0038',5,1),
('P0038',6,1),
('P0038',7,1),
('P0038',8,1),
('P0038',9,0),
('P0039',1,1),
('P0039',2,1),
('P0039',3,1),
('P0039',4,1),
('P0039',5,0),
('P0039',6,0),
('P0039',7,0),
('P0039',8,0),
('P0039',9,0),
('P0039',10,0),
('P0039',11,0),
('P0039',12,0),
('P0039',13,0),
('P0040',1,1),
('P0040',2,1),
('P0040',3,1),
('P0040',4,1),
('P0040',5,1),
('P0040',6,1),
('P0040',7,1),
('P0040',8,1),
('P0040',9,1),
('P0040',10,1),
('P0040',11,1),
('P0040',12,1),
('P0040',13,1),
('P0040',14,1),
('P0040',15,1),
('P0040',16,1),
('P0040',17,1),
('P0040',18,0),
('P0040',19,0),
('P0040',20,0),
('P0041',1,1),
('P0041',2,1),
('P0041',3,1),
('P0041',4,1),
('P0041',5,1),
('P0041',6,1),
('P0041',7,1),
('P0041',8,1),
('P0041',9,0),
('P0041',10,0),
('P0041',11,0),
('P0041',12,0),
('P0041',13,0),
('P0041',14,0),
('P0041',15,0),
('P0041',16,0),
('P0041',17,0),
('P0041',18,0),
('P0041',19,0),
('P0041',20,0),
('P0041',21,0),
('P0042',1,1),
('P0042',2,1),
('P0042',3,0),
('P0042',4,0),
('P0042',5,0),
('P0042',6,0),
('P0042',7,0),
('P0042',8,0),
('P0042',9,0),
('P0042',10,0),
('P0042',11,0),
('P0042',12,0),
('P0042',13,0),
('P0043',1,1),
('P0043',2,1),
('P0043',3,1),
('P0043',4,0),
('P0043',5,0),
('P0043',6,0),
('P0043',7,0),
('P0043',8,0),
('P0043',9,0),
('P0043',10,0),
('P0043',11,0),
('P0043',12,0),
('P0043',13,0),
('P0043',14,0),
('P0043',15,0),
('P0044',1,1),
('P0044',2,1),
('P0044',3,1),
('P0044',4,1),
('P0044',5,1),
('P0044',6,1),
('P0044',7,1),
('P0044',8,0),
('P0044',9,0),
('P0044',10,0),
('P0044',11,0),
('P0044',12,0),
('P0044',13,0),
('P0044',14,0),
('P0044',15,0),
('P0044',16,0),
('P0044',17,0),
('P0045',1,1),
('P0045',2,1),
('P0045',3,1),
('P0045',4,1),
('P0045',5,1),
('P0045',6,1),
('P0045',7,1),
('P0045',8,0),
('P0045',9,0),
('P0045',10,0),
('P0045',11,0),
('P0045',12,0),
('P0045',13,0),
('P0045',14,0),
('P0045',15,0),
('P0045',16,0),
('P0045',17,0),
('P0045',18,0),
('P0045',19,0),
('P0045',20,0),
('P0045',21,0),
('P0045',22,0),
('P0045',23,0),
('P0045',24,0),
('P0046',1,1),
('P0046',2,0),
('P0046',3,0),
('P0046',4,0),
('P0046',5,0),
('P0046',6,0),
('P0046',7,0),
('P0046',8,0),
('P0046',9,0),
('P0046',10,0),
('P0046',11,0),
('P0046',12,0),
('P0046',13,0),
('P0046',14,0),
('P0046',15,0),
('P0046',16,0),
('P0046',17,0),
('P0046',18,0),
('P0046',19,0),
('P0047',1,1),
('P0047',2,1),
('P0047',3,1),
('P0047',4,1),
('P0047',5,1),
('P0047',6,1),
('P0047',7,1),
('P0047',8,1),
('P0047',9,1),
('P0047',10,1),
('P0047',11,1),
('P0047',12,1),
('P0047',13,1),
('P0047',14,1),
('P0047',15,1),
('P0047',16,1),
('P0047',17,1),
('P0047',18,1),
('P0047',19,1),
('P0047',20,1),
('P0047',21,1),
('P0047',22,0),
('P0048',1,1),
('P0048',2,1),
('P0048',3,1),
('P0048',4,1),
('P0048',5,1),
('P0048',6,1),
('P0048',7,1),
('P0048',8,1),
('P0048',9,1),
('P0048',10,1),
('P0048',11,1),
('P0048',12,1),
('P0048',13,1),
('P0048',14,1),
('P0048',15,1),
('P0048',16,1),
('P0048',17,0),
('P0048',18,0),
('P0048',19,0),
('P0048',20,0),
('P0048',21,0),
('P0048',22,0),
('P0049',1,1),
('P0049',2,1),
('P0049',3,1),
('P0049',4,1),
('P0049',5,1),
('P0049',6,1),
('P0049',7,1),
('P0049',8,0),
('P0049',9,0),
('P0049',10,0),
('P0049',11,0),
('P0049',12,0),
('P0049',13,0),
('P0049',14,0),
('P0049',15,0),
('P0049',16,0),
('P0049',17,0),
('P0049',18,0),
('P0049',19,0),
('P0049',20,0),
('P0050',1,1),
('P0050',2,1),
('P0050',3,1),
('P0050',4,1),
('P0050',5,1),
('P0050',6,1),
('P0050',7,1),
('P0050',8,0),
('P0050',9,0),
('P0050',10,0),
('P0050',11,0),
('P0050',12,0),
('P0050',13,0),
('P0050',14,0),
('P0050',15,0),
('P0050',16,0);

/* =========================
7. THUOC
========================= */
INSERT INTO thuoc VALUES
('T0001','Meloxicam','Kháng viêm xương khớp',3000),
('T0002','Vitamin C 500mg','Tăng đề kháng',12000),
('T0003','Natri Clorid 0.9%','Nước muối sinh lý',3000),
('T0004','Cefuroxime','Kháng sinh',2000),
('T0005','Loratadin','Chống dị ứng',15000),
('T0006','Natri Clorid 0.9%','Nước muối sinh lý',20000),
('T0007','Acetylcystein','Tiêu đờm',8000),
('T0008','Smecta','Tiêu chảy',8000),
('T0009','Meloxicam','Kháng viêm xương khớp',3000),
('T0010','Siro ho thảo dược','Giảm ho',2000),
('T0011','Fexofenadine','Chống dị ứng',15000),
('T0012','Fexofenadine','Chống dị ứng',2000),
('T0013','Aspirin 81mg','Chống đông máu',20000),
('T0014','Fexofenadine','Chống dị ứng',8000),
('T0015','Efferalgan Codeine','Giảm đau mạnh',2000),
('T0016','Men vi sinh (Probiotic)','Hỗ trợ tiêu hóa',3000),
('T0017','Amlodipine 5mg','Hạ huyết áp',8000),
('T0018','Oresol','Bù nước điện giải',20000),
('T0019','Cefuroxime','Kháng sinh',20000),
('T0020','Phosphalugel (Chữ P)','Trung hòa axit',7000),
('T0021','Azithromycin','Kháng sinh',12000),
('T0022','Loratadin','Chống dị ứng',20000),
('T0023','Esomeprazole','Ức chế dạ dày',5000),
('T0024','Paracetamol 500mg','Giảm đau hạ sốt',12000),
('T0025','Berberin','Tiêu chảy',7000),
('T0026','Fexofenadine','Chống dị ứng',15000),
('T0027','Vitamin 3B (B1,B6,B12)','Bổ thần kinh',12000),
('T0028','Amoxicillin 500mg','Kháng sinh',15000),
('T0029','Augmentin (Amox+Clav)','Kháng sinh',5000),
('T0030','Cefuroxime','Kháng sinh',20000),
('T0031','Smecta','Tiêu chảy',7000),
('T0032','Paracetamol 500mg','Giảm đau hạ sốt',8000),
('T0033','Atorvastatin 10mg','Mỡ máu',7000),
('T0034','Canxi + D3','Bổ xương',8000),
('T0035','Amlodipine 5mg','Hạ huyết áp',8000),
('T0036','Paracetamol 500mg','Giảm đau hạ sốt',8000),
('T0037','Metformin 500mg','Tiểu đường',7000),
('T0038','Meloxicam','Kháng viêm xương khớp',3000),
('T0039','Oresol','Bù nước điện giải',8000),
('T0040','Loratadin','Chống dị ứng',15000),
('T0041','Ginkgo Biloba','Tuần hoàn não',8000),
('T0042','Azithromycin','Kháng sinh',8000),
('T0043','Metformin 500mg','Tiểu đường',7000),
('T0044','Siro ho thảo dược','Giảm ho',5000),
('T0045','Natri Clorid 0.9%','Nước muối sinh lý',5000),
('T0046','Oresol','Bù nước điện giải',12000),
('T0047','Vitamin C 500mg','Tăng đề kháng',20000),
('T0048','Salbutamol (Xịt)','Giãn phế quản',7000),
('T0049','Amoxicillin 500mg','Kháng sinh',20000),
('T0050','Metformin 500mg','Tiểu đường',3000),
('T0051','Azithromycin','Kháng sinh',2000),
('T0052','Ginkgo Biloba','Tuần hoàn não',7000),
('T0053','Levofloxacin','Kháng sinh',5000),
('T0054','Smecta','Tiêu chảy',20000),
('T0055','Azithromycin','Kháng sinh',7000),
('T0056','Glucosamine','Bổ khớp',3000),
('T0057','Ginkgo Biloba','Tuần hoàn não',20000),
('T0058','Meloxicam','Kháng viêm xương khớp',20000),
('T0059','Cefuroxime','Kháng sinh',15000),
('T0060','Oresol','Bù nước điện giải',2000),
('T0061','Oresol','Bù nước điện giải',8000),
('T0062','Ibuprofen 400mg','Kháng viêm NSAID',15000),
('T0063','Esomeprazole','Ức chế dạ dày',2000),
('T0064','Salbutamol (Xịt)','Giãn phế quản',3000),
('T0065','Efferalgan Codeine','Giảm đau mạnh',15000),
('T0066','Losartan 50mg','Hạ huyết áp',3000),
('T0067','Meloxicam','Kháng viêm xương khớp',3000),
('T0068','Natri Clorid 0.9%','Nước muối sinh lý',2000),
('T0069','Berberin','Tiêu chảy',15000),
('T0070','Fexofenadine','Chống dị ứng',5000),
('T0071','Vitamin C 500mg','Tăng đề kháng',12000),
('T0072','Atorvastatin 10mg','Mỡ máu',20000),
('T0073','Atorvastatin 10mg','Mỡ máu',15000),
('T0074','Amoxicillin 500mg','Kháng sinh',5000),
('T0075','Losartan 50mg','Hạ huyết áp',3000),
('T0076','Fexofenadine','Chống dị ứng',15000),
('T0077','Cefuroxime','Kháng sinh',7000),
('T0078','Paracetamol 500mg','Giảm đau hạ sốt',2000),
('T0079','Men vi sinh (Probiotic)','Hỗ trợ tiêu hóa',20000),
('T0080','Vitamin 3B (B1,B6,B12)','Bổ thần kinh',15000),
('T0081','Siro ho thảo dược','Giảm ho',7000),
('T0082','Oresol','Bù nước điện giải',12000),
('T0083','Levofloxacin','Kháng sinh',8000),
('T0084','Acetylcystein','Tiêu đờm',3000),
('T0085','Efferalgan Codeine','Giảm đau mạnh',15000),
('T0086','Ibuprofen 400mg','Kháng viêm NSAID',7000),
('T0087','Salbutamol (Xịt)','Giãn phế quản',3000),
('T0088','Augmentin (Amox+Clav)','Kháng sinh',2000),
('T0089','Canxi + D3','Bổ xương',2000),
('T0090','Omeprazole','Ức chế dạ dày',2000),
('T0091','Aspirin 81mg','Chống đông máu',20000),
('T0092','Siro ho thảo dược','Giảm ho',7000),
('T0093','Meloxicam','Kháng viêm xương khớp',5000),
('T0094','Ginkgo Biloba','Tuần hoàn não',8000),
('T0095','Siro ho thảo dược','Giảm ho',12000),
('T0096','Smecta','Tiêu chảy',7000),
('T0097','Men vi sinh (Probiotic)','Hỗ trợ tiêu hóa',5000),
('T0098','Siro ho thảo dược','Giảm ho',15000),
('T0099','Men vi sinh (Probiotic)','Hỗ trợ tiêu hóa',8000),
('T0100','Meloxicam','Kháng viêm xương khớp',5000),
('T0101','Vitamin 3B (B1,B6,B12)','Bổ thần kinh',20000),
('T0102','Meloxicam','Kháng viêm xương khớp',12000),
('T0103','Atorvastatin 10mg','Mỡ máu',12000),
('T0104','Vitamin C 500mg','Tăng đề kháng',15000),
('T0105','Levofloxacin','Kháng sinh',8000),
('T0106','Atorvastatin 10mg','Mỡ máu',5000),
('T0107','Natri Clorid 0.9%','Nước muối sinh lý',7000),
('T0108','Siro ho thảo dược','Giảm ho',8000),
('T0109','Levofloxacin','Kháng sinh',20000),
('T0110','Meloxicam','Kháng viêm xương khớp',15000),
('T0111','Vitamin C 500mg','Tăng đề kháng',5000),
('T0112','Atorvastatin 10mg','Mỡ máu',7000),
('T0113','Esomeprazole','Ức chế dạ dày',7000),
('T0114','Amlodipine 5mg','Hạ huyết áp',3000),
('T0115','Canxi + D3','Bổ xương',12000),
('T0116','Amoxicillin 500mg','Kháng sinh',7000),
('T0117','Meloxicam','Kháng viêm xương khớp',8000),
('T0118','Atorvastatin 10mg','Mỡ máu',2000),
('T0119','Celecoxib','Kháng viêm xương khớp',7000),
('T0120','Salbutamol (Xịt)','Giãn phế quản',20000),
('T0121','Salbutamol (Xịt)','Giãn phế quản',12000),
('T0122','Men vi sinh (Probiotic)','Hỗ trợ tiêu hóa',2000),
('T0123','Salbutamol (Xịt)','Giãn phế quản',7000),
('T0124','Azithromycin','Kháng sinh',20000),
('T0125','Omeprazole','Ức chế dạ dày',7000),
('T0126','Aspirin 81mg','Chống đông máu',7000),
('T0127','Smecta','Tiêu chảy',8000),
('T0128','Atorvastatin 10mg','Mỡ máu',20000),
('T0129','Losartan 50mg','Hạ huyết áp',8000),
('T0130','Esomeprazole','Ức chế dạ dày',12000),
('T0131','Ginkgo Biloba','Tuần hoàn não',20000),
('T0132','Oresol','Bù nước điện giải',3000),
('T0133','Natri Clorid 0.9%','Nước muối sinh lý',12000),
('T0134','Salbutamol (Xịt)','Giãn phế quản',12000),
('T0135','Smecta','Tiêu chảy',15000),
('T0136','Efferalgan Codeine','Giảm đau mạnh',7000),
('T0137','Levofloxacin','Kháng sinh',2000),
('T0138','Esomeprazole','Ức chế dạ dày',15000),
('T0139','Berberin','Tiêu chảy',5000),
('T0140','Acetylcystein','Tiêu đờm',12000),
('T0141','Siro ho thảo dược','Giảm ho',15000),
('T0142','Omeprazole','Ức chế dạ dày',20000),
('T0143','Amlodipine 5mg','Hạ huyết áp',8000),
('T0144','Glucosamine','Bổ khớp',20000),
('T0145','Oresol','Bù nước điện giải',5000),
('T0146','Losartan 50mg','Hạ huyết áp',5000),
('T0147','Cefuroxime','Kháng sinh',20000),
('T0148','Fexofenadine','Chống dị ứng',2000),
('T0149','Efferalgan Codeine','Giảm đau mạnh',3000),
('T0150','Meloxicam','Kháng viêm xương khớp',2000),
('T0151','Vitamin C 500mg','Tăng đề kháng',5000),
('T0152','Siro ho thảo dược','Giảm ho',3000),
('T0153','Levofloxacin','Kháng sinh',2000),
('T0154','Salbutamol (Xịt)','Giãn phế quản',20000),
('T0155','Metformin 500mg','Tiểu đường',2000),
('T0156','Natri Clorid 0.9%','Nước muối sinh lý',20000),
('T0157','Ibuprofen 400mg','Kháng viêm NSAID',2000),
('T0158','Vitamin C 500mg','Tăng đề kháng',2000),
('T0159','Ibuprofen 400mg','Kháng viêm NSAID',8000),
('T0160','Berberin','Tiêu chảy',2000),
('T0161','Ginkgo Biloba','Tuần hoàn não',15000),
('T0162','Fexofenadine','Chống dị ứng',3000),
('T0163','Augmentin (Amox+Clav)','Kháng sinh',5000),
('T0164','Omeprazole','Ức chế dạ dày',7000),
('T0165','Esomeprazole','Ức chế dạ dày',12000),
('T0166','Phosphalugel (Chữ P)','Trung hòa axit',15000),
('T0167','Amoxicillin 500mg','Kháng sinh',12000),
('T0168','Aspirin 81mg','Chống đông máu',20000),
('T0169','Omeprazole','Ức chế dạ dày',7000),
('T0170','Men vi sinh (Probiotic)','Hỗ trợ tiêu hóa',3000),
('T0171','Efferalgan Codeine','Giảm đau mạnh',3000),
('T0172','Aspirin 81mg','Chống đông máu',15000),
('T0173','Atorvastatin 10mg','Mỡ máu',20000),
('T0174','Meloxicam','Kháng viêm xương khớp',2000),
('T0175','Loratadin','Chống dị ứng',3000),
('T0176','Glucosamine','Bổ khớp',15000),
('T0177','Amlodipine 5mg','Hạ huyết áp',3000),
('T0178','Efferalgan Codeine','Giảm đau mạnh',7000),
('T0179','Salbutamol (Xịt)','Giãn phế quản',20000),
('T0180','Phosphalugel (Chữ P)','Trung hòa axit',2000),
('T0181','Celecoxib','Kháng viêm xương khớp',8000),
('T0182','Efferalgan Codeine','Giảm đau mạnh',5000),
('T0183','Smecta','Tiêu chảy',2000),
('T0184','Salbutamol (Xịt)','Giãn phế quản',5000),
('T0185','Aspirin 81mg','Chống đông máu',3000),
('T0186','Men vi sinh (Probiotic)','Hỗ trợ tiêu hóa',5000),
('T0187','Omeprazole','Ức chế dạ dày',15000),
('T0188','Amlodipine 5mg','Hạ huyết áp',15000),
('T0189','Cefuroxime','Kháng sinh',3000),
('T0190','Ginkgo Biloba','Tuần hoàn não',12000),
('T0191','Meloxicam','Kháng viêm xương khớp',3000),
('T0192','Vitamin 3B (B1,B6,B12)','Bổ thần kinh',7000),
('T0193','Celecoxib','Kháng viêm xương khớp',12000),
('T0194','Aspirin 81mg','Chống đông máu',12000),
('T0195','Ibuprofen 400mg','Kháng viêm NSAID',8000),
('T0196','Canxi + D3','Bổ xương',20000),
('T0197','Siro ho thảo dược','Giảm ho',12000),
('T0198','Atorvastatin 10mg','Mỡ máu',15000),
('T0199','Fexofenadine','Chống dị ứng',15000),
('T0200','Amoxicillin 500mg','Kháng sinh',8000);

/* =========================
8. SOLUONGTHUOC
========================= */
INSERT INTO soluongthuoc VALUES
('LO00001','T0001','2034-12-31',63),
('LO00002','T0002','2034-01-17',18),
('LO00003','T0003','2026-12-21',68),
('LO00004','T0004','2027-10-12',97),
('LO00005','T0005','2034-01-12',200),
('LO00006','T0006','2033-02-27',39),
('LO00007','T0007','2034-05-06',99),
('LO00008','T0008','2029-08-08',92),
('LO00009','T0009','2027-03-31',23),
('LO00010','T0010','2026-02-09',241),
('LO00011','T0011','2029-07-04',113),
('LO00012','T0012','2030-02-01',194),
('LO00013','T0013','2029-01-27',26),
('LO00014','T0014','2027-07-15',22),
('LO00015','T0015','2028-02-25',110),
('LO00016','T0016','2031-01-31',142),
('LO00017','T0017','2032-04-09',131),
('LO00018','T0018','2030-08-17',26),
('LO00019','T0019','2026-05-06',22),
('LO00020','T0020','2030-01-07',141),
('LO00021','T0021','2027-02-04',152),
('LO00022','T0022','2032-10-03',200),
('LO00023','T0023','2029-09-08',221),
('LO00024','T0024','2030-05-15',3),
('LO00025','T0025','2029-04-28',105),
('LO00026','T0026','2030-05-26',199),
('LO00027','T0027','2026-12-31',185),
('LO00028','T0028','2032-04-28',231),
('LO00029','T0029','2028-10-09',146),
('LO00030','T0030','2031-11-23',43),
('LO00031','T0031','2033-09-26',97),
('LO00032','T0032','2027-12-14',35),
('LO00033','T0033','2029-01-24',77),
('LO00034','T0034','2029-01-22',126),
('LO00035','T0035','2027-09-08',16),
('LO00036','T0036','2027-12-04',111),
('LO00037','T0037','2029-02-22',107),
('LO00038','T0038','2029-05-30',123),
('LO00039','T0039','2034-10-29',19),
('LO00040','T0040','2030-02-06',64),
('LO00041','T0041','2028-10-25',184),
('LO00042','T0042','2033-01-22',126),
('LO00043','T0043','2032-09-16',157),
('LO00044','T0044','2028-03-29',117),
('LO00045','T0045','2027-04-02',34),
('LO00046','T0046','2029-06-19',1),
('LO00047','T0047','2030-06-27',85),
('LO00048','T0048','2035-06-28',158),
('LO00049','T0049','2030-04-24',205),
('LO00050','T0050','2035-09-20',84),
('LO00051','T0051','2030-12-27',85),
('LO00052','T0052','2030-11-17',208),
('LO00053','T0053','2035-04-15',220),
('LO00054','T0054','2033-05-08',249),
('LO00055','T0055','2032-09-18',34),
('LO00056','T0056','2029-06-02',82),
('LO00057','T0057','2032-10-24',242),
('LO00058','T0058','2033-11-05',51),
('LO00059','T0059','2031-06-04',80),
('LO00060','T0060','2028-01-16',246),
('LO00061','T0061','2030-07-08',247),
('LO00062','T0062','2029-08-18',74),
('LO00063','T0063','2034-04-17',177),
('LO00064','T0064','2033-02-23',125),
('LO00065','T0065','2032-07-04',200),
('LO00066','T0066','2028-10-07',83),
('LO00067','T0067','2030-04-08',71),
('LO00068','T0068','2035-03-17',201),
('LO00069','T0069','2030-06-16',93),
('LO00070','T0070','2027-04-30',238),
('LO00071','T0071','2032-05-16',51),
('LO00072','T0072','2032-09-09',139),
('LO00073','T0073','2028-01-25',174),
('LO00074','T0074','2034-08-29',140),
('LO00075','T0075','2026-05-09',243),
('LO00076','T0076','2034-03-16',118),
('LO00077','T0077','2033-12-29',53),
('LO00078','T0078','2030-12-19',204),
('LO00079','T0079','2029-04-26',212),
('LO00080','T0080','2033-10-26',17),
('LO00081','T0081','2035-03-27',217),
('LO00082','T0082','2034-12-22',203),
('LO00083','T0083','2030-08-21',172),
('LO00084','T0084','2031-08-26',35),
('LO00085','T0085','2033-02-25',77),
('LO00086','T0086','2028-10-06',64),
('LO00087','T0087','2033-06-08',39),
('LO00088','T0088','2034-01-26',108),
('LO00089','T0089','2034-11-25',96),
('LO00090','T0090','2026-11-17',114),
('LO00091','T0091','2032-10-03',122),
('LO00092','T0092','2032-07-30',102),
('LO00093','T0093','2032-01-16',129),
('LO00094','T0094','2035-10-21',177),
('LO00095','T0095','2030-09-28',139),
('LO00096','T0096','2026-06-18',202),
('LO00097','T0097','2030-01-30',179),
('LO00098','T0098','2035-02-28',137),
('LO00099','T0099','2032-09-16',163),
('LO00100','T0100','2027-01-02',27),
('LO00101','T0101','2034-09-03',63),
('LO00102','T0102','2033-06-04',170),
('LO00103','T0103','2030-01-12',42),
('LO00104','T0104','2033-04-22',156),
('LO00105','T0105','2026-07-19',144),
('LO00106','T0106','2033-04-14',173),
('LO00107','T0107','2033-04-21',102),
('LO00108','T0108','2034-06-28',84),
('LO00109','T0109','2034-12-24',110),
('LO00110','T0110','2027-03-28',2),
('LO00111','T0111','2027-02-26',66),
('LO00112','T0112','2028-07-16',130),
('LO00113','T0113','2034-06-05',132),
('LO00114','T0114','2032-04-22',148),
('LO00115','T0115','2033-10-05',147),
('LO00116','T0116','2028-07-12',114),
('LO00117','T0117','2030-03-31',100),
('LO00118','T0118','2031-03-30',197),
('LO00119','T0119','2033-09-02',150),
('LO00120','T0120','2033-10-17',128),
('LO00121','T0121','2027-09-28',88),
('LO00122','T0122','2026-04-29',123),
('LO00123','T0123','2027-03-23',75),
('LO00124','T0124','2030-09-18',235),
('LO00125','T0125','2027-01-05',29),
('LO00126','T0126','2035-05-17',240),
('LO00127','T0127','2034-03-28',36),
('LO00128','T0128','2029-12-15',79),
('LO00129','T0129','2029-11-24',116),
('LO00130','T0130','2034-11-05',52),
('LO00131','T0131','2031-11-23',123),
('LO00132','T0132','2029-12-15',121),
('LO00133','T0133','2027-02-22',112),
('LO00134','T0134','2034-02-23',178),
('LO00135','T0135','2031-02-15',81),
('LO00136','T0136','2026-10-21',76),
('LO00137','T0137','2026-07-21',207),
('LO00138','T0138','2034-01-08',29),
('LO00139','T0139','2026-04-21',217),
('LO00140','T0140','2029-11-24',165),
('LO00141','T0141','2027-04-11',173),
('LO00142','T0142','2035-01-09',42),
('LO00143','T0143','2034-05-10',62),
('LO00144','T0144','2031-11-02',44),
('LO00145','T0145','2032-03-28',40),
('LO00146','T0146','2029-10-05',143),
('LO00147','T0147','2030-10-31',245),
('LO00148','T0148','2031-03-26',59),
('LO00149','T0149','2034-12-30',103),
('LO00150','T0150','2033-02-10',47),
('LO00151','T0151','2028-02-21',163),
('LO00152','T0152','2033-06-03',110),
('LO00153','T0153','2030-06-27',7),
('LO00154','T0154','2034-04-27',157),
('LO00155','T0155','2035-12-15',50),
('LO00156','T0156','2031-02-03',151),
('LO00157','T0157','2030-11-13',99),
('LO00158','T0158','2026-02-06',180),
('LO00159','T0159','2028-06-16',52),
('LO00160','T0160','2029-03-04',192),
('LO00161','T0161','2033-12-10',207),
('LO00162','T0162','2034-12-23',16),
('LO00163','T0163','2032-07-10',26),
('LO00164','T0164','2035-01-06',223),
('LO00165','T0165','2032-01-27',47),
('LO00166','T0166','2030-02-25',83),
('LO00167','T0167','2028-04-05',117),
('LO00168','T0168','2027-04-30',67),
('LO00169','T0169','2033-07-28',220),
('LO00170','T0170','2031-07-16',135),
('LO00171','T0171','2033-03-20',80),
('LO00172','T0172','2032-09-29',99),
('LO00173','T0173','2032-11-26',100),
('LO00174','T0174','2032-08-19',29),
('LO00175','T0175','2029-12-14',90),
('LO00176','T0176','2035-07-14',117),
('LO00177','T0177','2032-12-21',44),
('LO00178','T0178','2035-03-06',172),
('LO00179','T0179','2033-12-19',204),
('LO00180','T0180','2029-05-21',235),
('LO00181','T0181','2032-12-09',151),
('LO00182','T0182','2027-01-01',172),
('LO00183','T0183','2027-07-21',80),
('LO00184','T0184','2027-05-16',61),
('LO00185','T0185','2029-06-22',29),
('LO00186','T0186','2028-02-07',95),
('LO00187','T0187','2033-10-29',36),
('LO00188','T0188','2031-10-12',99),
('LO00189','T0189','2030-09-28',152),
('LO00190','T0190','2027-08-06',147),
('LO00191','T0191','2030-05-09',108),
('LO00192','T0192','2028-02-18',124),
('LO00193','T0193','2033-03-06',137),
('LO00194','T0194','2033-10-29',235),
('LO00195','T0195','2033-04-14',238),
('LO00196','T0196','2027-12-29',142),
('LO00197','T0197','2027-12-03',125),
('LO00198','T0198','2029-04-16',35),
('LO00199','T0199','2028-02-24',80),
('LO00200','T0200','2035-06-29',115);

/* =========================
9. BENHNHAN
========================= */
INSERT INTO benhnhan VALUES
('BN0001','Mai Mai Bích','Nữ','1989-09-17','0976767721','Thanh Hóa','Ngoại trú'),
('BN0002','Lê Tuấn Thanh Vinh','Nam','1994-10-24','0978819148','Bà Rịa - Vũng Tàu','Ngoại trú'),
('BN0003','Lê Thảo Trâm','Nữ','1971-12-27','0934074517','Tiền Giang','Nội trú'),
('BN0004','Ngô Hoài Nguyệt','Nữ','2005-07-06','0992330958','TP HCM','Ngoại trú'),
('BN0005','Hà Công Việt','Nam','2008-02-05','0960422325','Bà Rịa - Vũng Tàu','Ngoại trú'),
('BN0006','Thái Khánh Yến','Nữ','2005-07-13','0971168457','Phú Thọ','Nội trú'),
('BN0007','Huỳnh Thiên Phước','Nam','2007-12-12','0918636374','Đà Nẵng','Nội trú'),
('BN0008','Võ Kim Vy','Nữ','1968-01-04','0970127706','TP HCM','Ngoại trú'),
('BN0009','Đoàn Anh Phong','Nam','1970-11-12','0941520643','Bắc Ninh','Nội trú'),
('BN0010','Ngô Bá Gia Huy','Nam','1998-11-15','0900516271','TP HCM','Nội trú'),
('BN0011','Phan Khánh Minh','Nữ','1973-07-25','0922189092','Hải Dương','Ngoại trú'),
('BN0012','Đặng Phương Thơ','Nữ','1978-02-04','0921965652','TP HCM','Ngoại trú'),
('BN0013','Quách Tuấn Lộc','Nam','2009-01-28','0943898364','Bình Định','Ngoại trú'),
('BN0014','Lý Mai Xuyến','Nữ','1996-11-20','0918055269','Bắc Ninh','Ngoại trú'),
('BN0015','Lưu Bá Đức Sáng','Nam','1965-05-07','0900684866','Lâm Đồng','Nội trú'),
('BN0016','Nghiêm Khánh Nhi','Nữ','1970-09-30','0932856914','Lâm Đồng','Ngoại trú'),
('BN0017','Phạm Thảo Ngọc Huyền','Nữ','1994-10-20','0904210202','Hưng Yên','Nội trú'),
('BN0018','Đinh Hồng Băng','Nữ','1982-12-29','0910564814','Đắk Lắk','Ngoại trú'),
('BN0019','Tô Quốc Khang','Nam','2001-03-12','0924191380','Hà Nội','Ngoại trú'),
('BN0020','Lưu Minh Duy','Nam','1976-01-18','0963536541','Hà Tĩnh','Nội trú'),
('BN0021','Phạm Xuân Thị Châu','Nữ','1990-02-15','0944518705','TP HCM','Ngoại trú'),
('BN0022','Nghiêm Bá Trí','Nam','1996-04-24','0983206038','Đà Nẵng','Ngoại trú'),
('BN0023','Lâm Thảo Anh','Nữ','2012-12-10','0913836702','Đắk Lắk','Nội trú'),
('BN0024','Tăng Bảo Thơ','Nữ','1994-12-03','0991826199','Hà Nội','Ngoại trú'),
('BN0025','Hà Mạnh Tú','Nam','2009-12-11','0957431329','Hà Nội','Nội trú'),
('BN0026','Trịnh Hải Đình Hải','Nam','1993-05-15','0941124903','Long An','Nội trú'),
('BN0027','Lý Hữu Công','Nam','2008-05-09','0920678831','Nam Định','Ngoại trú'),
('BN0028','Nguyễn Gia Dũng','Nam','1973-04-27','0965199410','Quảng Ninh','Nội trú'),
('BN0029','Võ Mỹ Nga','Nữ','1986-02-02','0970296670','Hải Phòng','Ngoại trú'),
('BN0030','Đỗ Minh Vinh','Nam','1967-10-20','0993476870','Hà Nội','Ngoại trú'),
('BN0031','Tăng Chí Trí','Nam','1966-07-26','0957875985','Cần Thơ','Nội trú'),
('BN0032','Dương Anh Bình','Nam','1968-08-17','0959321334','Nghệ An','Ngoại trú'),
('BN0033','Dương Mỹ Sương','Nữ','1976-03-08','0995590599','TP HCM','Ngoại trú'),
('BN0034','Thái Thị Ngọc Mẫn','Nữ','1968-04-20','0930870593','Đồng Nai','Nội trú'),
('BN0035','Trịnh Bá Viết Dũng','Nam','1974-02-28','0985156915','TP HCM','Nội trú'),
('BN0036','Tạ Quốc Thành','Nam','2006-06-06','0989539264','Gia Lai','Nội trú'),
('BN0037','Nguyễn Mạnh Phi','Nam','2001-01-06','0995939172','Đà Nẵng','Nội trú'),
('BN0038','Trịnh Đức Phong','Nam','2010-11-21','0957043315','TP HCM','Nội trú'),
('BN0039','Lương Thanh Hậu','Nam','1991-08-29','0965861793','TP HCM','Nội trú'),
('BN0040','Hà Ngọc Chi','Nữ','1969-06-06','0962181599','Kiên Giang','Ngoại trú'),
('BN0041','Bùi Thanh Lộc','Nam','1968-02-11','0933688444','TP HCM','Nội trú'),
('BN0042','Thái Thị Thảo Nhi','Nữ','1970-05-27','0997310324','Bắc Giang','Ngoại trú'),
('BN0043','Cao Trọng Huy','Nam','1981-02-21','0986256527','Hà Nội','Ngoại trú'),
('BN0044','Trương Viết Trọng Lâm','Nam','1971-02-22','0958693806','Bà Rịa - Vũng Tàu','Ngoại trú'),
('BN0045','Lưu Ngọc Hoài','Nữ','1990-12-02','0989899217','TP HCM','Ngoại trú'),
('BN0046','Hồ Ngọc Kim Thảo','Nữ','1992-04-27','0929451168','Cần Thơ','Nội trú'),
('BN0047','Tô Viết Tùng','Nam','2004-10-17','0961622999','Bình Dương','Ngoại trú'),
('BN0048','Lại Mỹ Nhung','Nữ','1999-06-29','0964679970','TP HCM','Ngoại trú'),
('BN0049','Cao Bảo Giang','Nữ','2009-04-02','0974505444','Long An','Ngoại trú'),
('BN0050','Dương Hồng Trang','Nữ','1993-06-09','0969137367','Bình Dương','Ngoại trú'),
('BN0051','Châu Hồng Xuân Ánh','Nữ','1990-03-25','0989023303','Hà Nội','Nội trú'),
('BN0052','Hồ Nhật Vinh','Nam','1997-07-21','0910357972','Vĩnh Phúc','Ngoại trú'),
('BN0053','Mai Khánh Ánh','Nữ','2012-12-03','0940602933','Bình Định','Ngoại trú'),
('BN0054','Đào Trọng Văn Khang','Nam','1995-03-21','0929034944','Bắc Ninh','Ngoại trú'),
('BN0055','Đinh Trọng Tài','Nam','1998-10-13','0991085899','TP HCM','Ngoại trú'),
('BN0056','Lâm Mỹ Lam','Nữ','1982-05-21','0943283096','Phú Yên','Ngoại trú'),
('BN0057','Thái Thảo Loan','Nữ','1990-07-24','0909935387','Vĩnh Long','Ngoại trú'),
('BN0058','Bùi Phương Diệp','Nữ','1973-12-09','0982513534','Bắc Ninh','Ngoại trú'),
('BN0059','Tiêu Quang Việt','Nam','1995-01-28','0999917381','Tiền Giang','Ngoại trú'),
('BN0060','Phạm Minh Trọng','Nam','1977-06-14','0997252175','Quảng Nam','Nội trú'),
('BN0061','Nguyễn Diệu Trinh','Nữ','1975-10-25','0927129666','Bắc Ninh','Ngoại trú'),
('BN0062','Mạc Văn Sơn','Nam','1985-09-07','0900335421','Hải Phòng','Ngoại trú'),
('BN0063','Lê Nhật Đức','Nam','2011-09-20','0985625753','TP HCM','Ngoại trú'),
('BN0064','Trần Thu Mai Hoa','Nữ','2011-01-19','0982150648','Quảng Nam','Ngoại trú'),
('BN0065','Phan Hữu Nghĩa','Nam','2009-02-14','0976184723','Lâm Đồng','Ngoại trú'),
('BN0066','Phan Phước Nguyên','Nam','2003-12-05','0961891411','Hưng Yên','Ngoại trú'),
('BN0067','Tăng Thảo Duyên','Nữ','1983-03-02','0987375300','Khánh Hòa','Ngoại trú'),
('BN0068','Thái Diệu Nhi','Nữ','1997-02-24','0914374470','Hà Nội','Nội trú'),
('BN0069','Hà Trung Duy','Nam','1992-12-04','0910022557','Vĩnh Phúc','Nội trú'),
('BN0070','Vương Thảo Mỹ Ngọc','Nữ','1994-05-27','0967621202','Hà Nội','Ngoại trú'),
('BN0071','Lại Thảo Diệu Trâm','Nữ','1987-10-01','0927716701','TP HCM','Nội trú'),
('BN0072','Tăng Kim Hiền','Nữ','1986-09-17','0991637562','Long An','Ngoại trú'),
('BN0073','Phạm Thu Bích','Nữ','1997-08-28','0972175354','Hà Nội','Nội trú'),
('BN0074','Cao Phương Diệu Hoài','Nữ','2001-08-03','0977517016','Cần Thơ','Ngoại trú'),
('BN0075','Huỳnh Phước Thành','Nam','2005-05-29','0988375503','Long An','Nội trú'),
('BN0076','Quách Bảo Vân','Nữ','2010-08-04','0913055488','Hải Phòng','Nội trú'),
('BN0077','Thái Hồng Trang','Nữ','2011-07-04','0949331637','Bà Rịa - Vũng Tàu','Nội trú'),
('BN0078','Đào Trọng Cường','Nam','2002-02-25','0977982708','Bình Dương','Ngoại trú'),
('BN0079','Tiêu Thanh Huy','Nam','2009-10-06','0921699586','Bắc Ninh','Ngoại trú'),
('BN0080','Lý Bảo Lam','Nữ','1983-08-26','0922698485','Đắk Lắk','Ngoại trú'),
('BN0081','Hồ Khánh Đào','Nữ','2008-06-30','0922885158','Thái Bình','Ngoại trú'),
('BN0082','Đào Thảo Liên','Nữ','1965-09-04','0906200342','Quảng Ninh','Ngoại trú'),
('BN0083','Phạm Đình Phi','Nam','1999-01-12','0971983863','Nghệ An','Ngoại trú'),
('BN0084','Phạm Diệu Quyên','Nữ','2008-06-18','0900439735','Bình Dương','Ngoại trú'),
('BN0085','Hồ Kim Loan','Nữ','1969-03-31','0928160648','TP HCM','Nội trú'),
('BN0086','Nguyễn Thu Ngân','Nữ','1967-03-30','0959094798','Hải Phòng','Ngoại trú'),
('BN0087','Dương Công Quân','Nam','1975-07-18','0986153355','Hải Phòng','Nội trú'),
('BN0088','Tăng Mỹ Vân','Nữ','2006-01-04','0957399305','Hải Phòng','Ngoại trú'),
('BN0089','Đinh Văn Khôi','Nam','1998-06-17','0987704358','Hà Nội','Nội trú'),
('BN0090','Mạc Mai Anh','Nữ','2007-11-25','0936138612','Hà Nội','Ngoại trú'),
('BN0091','Hoàng Anh Chí Dũng','Nam','1969-10-27','0934667665','Hà Nội','Ngoại trú'),
('BN0092','Nghiêm Hoài Lan','Nữ','1967-12-28','0915814491','TP HCM','Ngoại trú'),
('BN0093','Trần Gia Minh Huy','Nam','2012-07-26','0984245088','Hà Nội','Nội trú'),
('BN0094','Cao Hồng Mai','Nữ','2012-12-12','0936822239','Long An','Nội trú'),
('BN0095','Lại Chí Nhật Toàn','Nam','2006-09-03','0941413975','Hải Phòng','Ngoại trú'),
('BN0096','Hà Đình Trung Luân','Nam','1996-08-11','0994929955','Vĩnh Phúc','Nội trú'),
('BN0097','Dương Thế Phúc','Nam','1982-06-05','0957775478','Hà Nội','Ngoại trú'),
('BN0098','Trương Chí Toàn','Nam','1977-05-24','0911080996','Bình Dương','Nội trú'),
('BN0099','Đinh Chí Khôi','Nam','1995-11-25','0925639427','Hưng Yên','Nội trú'),
('BN0100','Nguyễn Phước Trọng Nguyên','Nam','1975-09-05','0972299275','Hà Nội','Ngoại trú');

/* =========================
10. THANNHAN
========================= */
INSERT INTO thannhan VALUES
('BN0001','Đinh Trọng Đình Duy','Nam','09185677005','Hà Nội'),
('BN0002','Trương Hoài Khuê','Nữ','09126659184','Hải Phòng'),
('BN0003','Tăng Mỹ Thi','Nữ','09157790827','TP HCM'),
('BN0004','Trương Thanh Hải Tài','Nam','09191365177','Thái Bình'),
('BN0005','Đào Thu Hoài Chi','Nữ','09192280920','TP HCM'),
('BN0006','Tăng Hoài Thi','Nữ','09104137977','TP HCM'),
('BN0007','Quách Mỹ Yến','Nữ','09129842579','Quảng Trị'),
('BN0008','Lương Đình Công Long','Nam','09186291279','Thừa Thiên Huế'),
('BN0009','Mạc Ngọc Yên','Nữ','09172980686','Hải Phòng'),
('BN0010','Tăng Quốc Mạnh Hào','Nam','09159916247','Bình Dương'),
('BN0011','Huỳnh Xuân Liên','Nữ','09164300981','Nghệ An'),
('BN0012','Ngô Thế Phi','Nam','09151269448','Bắc Ninh'),
('BN0013','Trương Đình Nhân','Nam','09168872588','Thái Bình'),
('BN0014','Lại Thảo Nguyệt','Nữ','09121372138','Cần Thơ'),
('BN0015','Thạch Viết Luân','Nam','09102601279','Hải Dương'),
('BN0016','Dương Hữu Đăng Duy','Nam','09166984902','Quảng Ngãi'),
('BN0017','Hồ Công Toàn','Nam','09143098839','TP HCM'),
('BN0018','Lý Thanh Đức Nghĩa','Nam','09146566938','Hà Nội'),
('BN0019','Huỳnh Xuân Liên','Nữ','09195543937','Bến Tre'),
('BN0020','Đinh Ngọc Châu','Nữ','09181845184','An Giang'),
('BN0021','Lại Thảo Huệ','Nữ','09197357790','Thái Bình'),
('BN0022','Lương Gia Minh','Nam','09135658804','TP HCM'),
('BN0023','Lâm Thanh Đạt','Nam','09175539423','Hưng Yên'),
('BN0024','Lý Gia Trọng','Nam','09133952111','Khánh Hòa'),
('BN0025','Nghiêm Xuân Anh','Nữ','09107595794','Hưng Yên'),
('BN0026','Châu Diệu Lam','Nữ','09192086780','Hưng Yên'),
('BN0027','Đỗ Viết Hòa','Nam','09187500369','Hà Nội'),
('BN0028','Đinh Gia Quân','Nam','09147955276','TP HCM'),
('BN0029','Vương Khánh Như','Nữ','09172929314','Đồng Nai'),
('BN0030','Lương Hồng Thu Duyên','Nữ','09170267288','Đắk Lắk'),
('BN0031','Đoàn Hoài Huệ','Nữ','09106120347','Long An'),
('BN0032','Lâm Chí Tú','Nam','09184506159','TP HCM'),
('BN0033','Mạc Khánh Châu','Nữ','09155877169','TP HCM'),
('BN0034','Đặng Bảo Băng','Nữ','09169961125','TP HCM'),
('BN0035','Hà Thiên Phúc','Nam','09164759876','TP HCM'),
('BN0036','Võ Hồng Hoài','Nữ','09113261117','Thanh Hóa'),
('BN0037','Cao Đức Khánh','Nam','09114921643','TP HCM'),
('BN0038','Võ Thanh Long','Nam','09100557784','Thanh Hóa'),
('BN0039','Mạc Nhật Quân','Nam','09196884578','TP HCM'),
('BN0040','Đoàn Minh Duy','Nam','09140082547','Nghệ An'),
('BN0041','Thái Diệu Vi','Nữ','09164930853','Cần Thơ'),
('BN0042','Cao Hồng Kim Huyền','Nữ','09166341638','Bình Dương'),
('BN0043','Trương Xuân Liên','Nữ','09146312241','Quảng Ngãi'),
('BN0044','Trương Thị Thu Vy','Nữ','09108021442','Đắk Lắk'),
('BN0045','Dương Phương Mai Nga','Nữ','09156475705','Hà Nội'),
('BN0046','Đặng Thảo Hương','Nữ','09118723460','Hà Nội'),
('BN0047','Lý Phương Sương','Nữ','09130371837','Cần Thơ'),
('BN0048','Trịnh Thị Ánh','Nữ','09188147435','Kiên Giang'),
('BN0049','Ngô Thảo Bảo Phương','Nữ','09102491630','Bắc Giang'),
('BN0050','Lưu Ngọc Nhi','Nữ','09132719500','Hải Phòng'),
('BN0051','Mạc Quốc Gia Thành','Nam','09158573065','Đắk Lắk'),
('BN0052','Lê Chí Khải','Nam','09148739285','Đà Nẵng'),
('BN0053','Quách Thanh Tùng','Nam','09118274485','Nam Định'),
('BN0054','Châu Thị Quyên','Nữ','09195935186','TP HCM'),
('BN0055','Thạch Bảo Nhi','Nữ','09165118102','TP HCM'),
('BN0056','Phan Hữu Bá Khải','Nam','09167899405','TP HCM'),
('BN0057','Nguyễn Mỹ Đào','Nữ','09117058650','Bà Rịa - Vũng Tàu'),
('BN0058','Lê Tuấn Đức Phước','Nam','09138113863','TP HCM'),
('BN0059','Lại Xuân Châu','Nữ','09161957612','Đồng Nai'),
('BN0060','Châu Xuân Ngọc','Nữ','09197558556','Bình Dương'),
('BN0061','Trịnh Chí Đình Lộc','Nam','09168457760','Đắk Lắk'),
('BN0062','Quách Khánh Chi','Nữ','09104335048','Nghệ An'),
('BN0063','Lại Phương Bảo Nhi','Nữ','09122459334','Đồng Nai'),
('BN0064','Cao Đăng Lâm','Nam','09115727919','Bình Định'),
('BN0065','Lại Hữu Trung Dương','Nam','09156613906','Hà Nội'),
('BN0066','Trịnh Hồng Nhi','Nữ','09132067998','Hà Nội'),
('BN0067','Cao Đức Quốc Nam','Nam','09190864168','Hải Dương'),
('BN0068','Võ Phương Vi','Nữ','09169389833','Hà Nội'),
('BN0069','Trịnh Thảo Mỹ Nga','Nữ','09155355904','TP HCM'),
('BN0070','Phùng Hữu Gia Luân','Nam','09135211039','Bến Tre'),
('BN0071','Hà Diệu Bích','Nữ','09114770538','TP HCM'),
('BN0072','Đinh Thu Vi','Nữ','09106980420','TP HCM'),
('BN0073','Nghiêm Kim Thị Kiều','Nữ','09116451046','TP HCM'),
('BN0074','Phan Phước Trường','Nam','09181238780','Hà Nội'),
('BN0075','Đoàn Hồng Ngân','Nữ','09120555438','TP HCM'),
('BN0076','Đinh Văn Trung','Nam','09184325621','Gia Lai'),
('BN0077','Nghiêm Hoài Hoa','Nữ','09126495782','TP HCM'),
('BN0078','Mạc Minh Nhân','Nam','09148262925','Hà Nội'),
('BN0079','Vũ Thu Diệp','Nữ','09105664742','Đồng Nai'),
('BN0080','Đỗ Phước Bình','Nam','09194999393','TP HCM'),
('BN0081','Huỳnh Minh Phi','Nam','09189752677','Hà Nội'),
('BN0082','Lê Văn Hải','Nam','09146333127','Tiền Giang'),
('BN0083','Trịnh Thảo Tú','Nữ','09160965699','Quảng Trị'),
('BN0084','Lê Mỹ Oanh','Nữ','09103886086','Nghệ An'),
('BN0085','Phạm Thảo Diệu','Nữ','09144726490','Lâm Đồng'),
('BN0086','Tô Xuân Ngọc Trinh','Nữ','09129826657','Hà Nội'),
('BN0087','Hồ Anh Trung','Nam','09152111751','Nghệ An'),
('BN0088','Châu Mạnh Luân','Nam','09186025922','An Giang'),
('BN0089','Phạm Đăng Hải','Nam','09174212309','Bình Dương'),
('BN0090','Thái Văn Toàn','Nam','09197339776','Hải Dương'),
('BN0091','Nguyễn Khánh Huyền','Nữ','09198302205','Hà Nội'),
('BN0092','Lại Ngọc Ly','Nữ','09101622499','Hà Tĩnh'),
('BN0093','Tô Ngọc Như','Nữ','09145561681','TP HCM'),
('BN0094','Trương Công Bảo','Nam','09133901981','Thái Bình'),
('BN0095','Hà Bảo Thủy','Nữ','09148995299','Hưng Yên'),
('BN0096','Thái Hoài Xuyến','Nữ','09134301071','Bình Dương'),
('BN0097','Nghiêm Trung Hải','Nam','09158303441','TP HCM'),
('BN0098','Trịnh Bảo Mỹ Anh','Nữ','09169902355','Đồng Tháp'),
('BN0099','Lưu Minh Quốc Thiên','Nam','09127857608','TP HCM'),
('BN0100','Trịnh Kim Bảo Chi','Nữ','09151240568','Long An');

/* =========================
11. BHYT
========================= */
INSERT INTO BHYT VALUES
('BHYT00001','BN0001','2025-10-08','2027-10-08'),
('BHYT00002','BN0002','2025-10-26','2027-10-26'),
('BHYT00003','BN0003','2025-07-07','2027-07-07'),
('BHYT00004','BN0004','2025-03-25','2027-03-25'),
('BHYT00005','BN0005','2025-10-20','2027-10-20'),
('BHYT00006','BN0006','2025-02-17','2027-02-17'),
('BHYT00007','BN0007','2025-05-26','2027-05-26'),
('BHYT00008','BN0008','2025-12-16','2027-12-16'),
('BHYT00009','BN0009','2025-05-30','2027-05-30'),
('BHYT00010','BN0010','2025-12-18','2027-12-18'),
('BHYT00011','BN0011','2025-01-05','2027-01-05'),
('BHYT00012','BN0012','2025-05-08','2027-05-08'),
('BHYT00013','BN0013','2025-07-19','2027-07-19'),
('BHYT00014','BN0014','2025-02-02','2027-02-02'),
('BHYT00015','BN0015','2025-08-31','2027-08-31'),
('BHYT00016','BN0016','2025-04-20','2027-04-20'),
('BHYT00017','BN0017','2025-06-28','2027-06-28'),
('BHYT00018','BN0018','2025-08-08','2027-08-08'),
('BHYT00019','BN0019','2025-05-23','2027-05-23'),
('BHYT00020','BN0020','2025-04-09','2027-04-09'),
('BHYT00021','BN0021','2025-09-14','2027-09-14'),
('BHYT00022','BN0022','2025-05-23','2027-05-23'),
('BHYT00023','BN0023','2025-03-19','2027-03-19'),
('BHYT00024','BN0024','2025-02-15','2027-02-15'),
('BHYT00025','BN0025','2025-06-29','2027-06-29'),
('BHYT00026','BN0026','2025-01-08','2027-01-08'),
('BHYT00027','BN0027','2025-04-02','2027-04-02'),
('BHYT00028','BN0028','2025-02-05','2027-02-05'),
('BHYT00029','BN0029','2025-08-04','2027-08-04'),
('BHYT00030','BN0030','2025-09-05','2027-09-05'),
('BHYT00031','BN0031','2025-01-01','2027-01-01'),
('BHYT00032','BN0032','2025-08-24','2027-08-24'),
('BHYT00033','BN0033','2025-09-02','2027-09-02'),
('BHYT00034','BN0034','2025-03-08','2027-03-08'),
('BHYT00035','BN0035','2025-03-27','2027-03-27'),
('BHYT00036','BN0036','2025-06-12','2027-06-12'),
('BHYT00037','BN0037','2025-08-24','2027-08-24'),
('BHYT00038','BN0038','2025-09-14','2027-09-14'),
('BHYT00039','BN0039','2025-05-27','2027-05-27'),
('BHYT00040','BN0040','2025-06-05','2027-06-05'),
('BHYT00041','BN0041','2025-03-03','2027-03-03'),
('BHYT00042','BN0042','2025-02-08','2027-02-08'),
('BHYT00043','BN0043','2025-09-10','2027-09-10'),
('BHYT00044','BN0044','2025-12-01','2027-12-01'),
('BHYT00045','BN0045','2025-02-25','2027-02-25'),
('BHYT00046','BN0046','2025-04-04','2027-04-04'),
('BHYT00047','BN0047','2025-01-07','2027-01-07'),
('BHYT00048','BN0048','2025-08-12','2027-08-12'),
('BHYT00049','BN0049','2025-07-06','2027-07-06'),
('BHYT00050','BN0050','2025-12-20','2027-12-20'),
('BHYT00051','BN0051','2025-09-13','2027-09-13'),
('BHYT00052','BN0052','2025-02-17','2027-02-17'),
('BHYT00053','BN0053','2024-12-22','2026-12-22'),
('BHYT00054','BN0054','2025-05-28','2027-05-28'),
('BHYT00055','BN0055','2025-01-11','2027-01-11'),
('BHYT00056','BN0056','2025-12-06','2027-12-06'),
('BHYT00057','BN0057','2025-10-20','2027-10-20'),
('BHYT00058','BN0058','2025-02-02','2027-02-02'),
('BHYT00059','BN0059','2025-06-08','2027-06-08'),
('BHYT00060','BN0060','2025-08-16','2027-08-16'),
('BHYT00061','BN0061','2025-01-12','2027-01-12'),
('BHYT00062','BN0062','2025-02-10','2027-02-10'),
('BHYT00063','BN0063','2025-09-12','2027-09-12'),
('BHYT00064','BN0064','2025-11-22','2027-11-22'),
('BHYT00065','BN0065','2025-05-28','2027-05-28'),
('BHYT00066','BN0066','2024-12-31','2026-12-31'),
('BHYT00067','BN0067','2025-10-11','2027-10-11'),
('BHYT00068','BN0068','2025-05-28','2027-05-28'),
('BHYT00069','BN0069','2025-11-12','2027-11-12'),
('BHYT00070','BN0070','2025-04-06','2027-04-06'),
('BHYT00071','BN0071','2025-06-02','2027-06-02'),
('BHYT00072','BN0072','2025-04-01','2027-04-01'),
('BHYT00073','BN0073','2025-03-28','2027-03-28'),
('BHYT00074','BN0074','2025-05-15','2027-05-15'),
('BHYT00075','BN0075','2025-05-10','2027-05-10'),
('BHYT00076','BN0076','2025-09-18','2027-09-18'),
('BHYT00077','BN0077','2025-06-01','2027-06-01'),
('BHYT00078','BN0078','2025-08-02','2027-08-02'),
('BHYT00079','BN0079','2025-11-28','2027-11-28'),
('BHYT00080','BN0080','2025-02-18','2027-02-18'),
('BHYT00081','BN0081','2025-05-08','2027-05-08'),
('BHYT00082','BN0082','2025-03-06','2027-03-06'),
('BHYT00083','BN0083','2025-03-10','2027-03-10'),
('BHYT00084','BN0084','2025-05-09','2027-05-09'),
('BHYT00085','BN0085','2025-02-16','2027-02-16'),
('BHYT00086','BN0086','2024-12-27','2026-12-27'),
('BHYT00087','BN0087','2025-11-03','2027-11-03'),
('BHYT00088','BN0088','2025-10-02','2027-10-02'),
('BHYT00089','BN0089','2025-09-09','2027-09-09'),
('BHYT00090','BN0090','2025-02-10','2027-02-10'),
('BHYT00091','BN0091','2025-04-04','2027-04-04'),
('BHYT00092','BN0092','2025-09-23','2027-09-23'),
('BHYT00093','BN0093','2025-06-17','2027-06-17'),
('BHYT00094','BN0094','2025-09-27','2027-09-27'),
('BHYT00095','BN0095','2025-06-01','2027-06-01'),
('BHYT00096','BN0096','2025-05-07','2027-05-07'),
('BHYT00097','BN0097','2025-03-02','2027-03-02'),
('BHYT00098','BN0098','2025-12-15','2027-12-15'),
('BHYT00099','BN0099','2025-05-14','2027-05-14'),
('BHYT00100','BN0100','2025-10-09','2027-10-09');

/* =========================
12. NHAPVIEN
========================= */
INSERT INTO nhapvien VALUES
('BN0001','2025-11-27','P0011',1),
('BN0002','2025-11-29','P0040',3),
('BN0003','2025-12-07','P0029',1),
('BN0004','2025-11-24','P0002',4),
('BN0005','2025-12-18','P0044',1),
('BN0006','2025-11-23','P0025',1),
('BN0007','2025-11-22','P0028',4),
('BN0008','2025-11-25','P0046',5),
('BN0009','2025-12-18','P0038',4),
('BN0010','2025-12-09','P0023',3),
('BN0011','2025-11-30','P0013',5),
('BN0012','2025-11-22','P0049',4),
('BN0013','2025-12-08','P0009',1),
('BN0014','2025-12-16','P0045',4),
('BN0015','2025-11-23','P0030',3),
('BN0016','2025-12-11','P0042',4),
('BN0017','2025-12-05','P0015',2),
('BN0018','2025-11-24','P0040',3),
('BN0019','2025-12-19','P0024',4),
('BN0020','2025-11-25','P0045',3),
('BN0021','2025-12-15','P0021',4),
('BN0022','2025-12-05','P0002',1),
('BN0023','2025-12-05','P0008',3),
('BN0024','2025-12-05','P0030',2),
('BN0025','2025-11-29','P0050',3),
('BN0026','2025-12-09','P0037',2),
('BN0027','2025-12-06','P0007',4),
('BN0028','2025-12-16','P0046',1),
('BN0029','2025-11-30','P0036',1),
('BN0030','2025-12-15','P0020',5),
('BN0031','2025-12-04','P0026',5),
('BN0032','2025-12-03','P0016',5),
('BN0033','2025-11-27','P0036',2),
('BN0034','2025-12-05','P0025',1),
('BN0035','2025-11-30','P0014',5),
('BN0036','2025-12-03','P0028',5),
('BN0037','2025-12-15','P0022',5),
('BN0038','2025-12-12','P0016',2),
('BN0039','2025-12-11','P0043',1),
('BN0040','2025-12-13','P0046',5),
('BN0041','2025-12-16','P0032',1),
('BN0042','2025-12-08','P0039',4),
('BN0043','2025-11-30','P0036',1),
('BN0044','2025-12-16','P0029',2),
('BN0045','2025-11-29','P0026',1),
('BN0046','2025-12-09','P0007',5),
('BN0047','2025-12-14','P0025',3),
('BN0048','2025-12-05','P0042',1),
('BN0049','2025-11-22','P0014',2),
('BN0050','2025-12-18','P0038',1),
('BN0051','2025-12-14','P0010',2),
('BN0052','2025-12-04','P0035',3),
('BN0053','2025-12-02','P0040',5),
('BN0054','2025-12-04','P0013',2),
('BN0055','2025-12-11','P0021',3),
('BN0056','2025-12-08','P0044',3),
('BN0057','2025-12-19','P0028',3),
('BN0058','2025-11-22','P0038',1),
('BN0059','2025-12-09','P0033',4),
('BN0060','2025-12-17','P0009',3),
('BN0061','2025-11-21','P0024',5),
('BN0062','2025-12-20','P0004',1),
('BN0063','2025-12-12','P0036',3),
('BN0064','2025-11-23','P0019',1),
('BN0065','2025-11-27','P0028',5),
('BN0066','2025-12-02','P0041',3),
('BN0067','2025-12-12','P0025',4),
('BN0068','2025-12-02','P0028',5),
('BN0069','2025-11-26','P0043',2),
('BN0070','2025-12-05','P0009',2),
('BN0071','2025-12-07','P0025',3),
('BN0072','2025-12-16','P0027',2),
('BN0073','2025-11-29','P0043',2),
('BN0074','2025-11-24','P0001',1),
('BN0075','2025-12-10','P0002',2),
('BN0076','2025-12-13','P0032',4),
('BN0077','2025-11-24','P0006',2),
('BN0078','2025-12-10','P0027',4),
('BN0079','2025-12-18','P0045',5),
('BN0080','2025-12-19','P0028',5),
('BN0081','2025-11-25','P0030',5),
('BN0082','2025-12-03','P0036',4),
('BN0083','2025-12-02','P0023',2),
('BN0084','2025-11-25','P0028',5),
('BN0085','2025-11-20','P0037',4),
('BN0086','2025-12-17','P0047',2),
('BN0087','2025-12-12','P0033',3),
('BN0088','2025-12-03','P0035',5),
('BN0089','2025-12-01','P0003',1),
('BN0090','2025-12-08','P0031',3),
('BN0091','2025-11-23','P0038',4),
('BN0092','2025-12-20','P0045',1),
('BN0093','2025-11-24','P0047',5),
('BN0094','2025-12-17','P0049',3),
('BN0095','2025-12-04','P0034',1),
('BN0096','2025-12-06','P0040',1),
('BN0097','2025-11-27','P0031',1),
('BN0098','2025-12-11','P0041',5),
('BN0099','2025-12-15','P0038',3),
('BN0100','2025-12-09','P0004',3);

/* =========================
13. XUATVIEN
========================= */
INSERT INTO xuatvien VALUES
('BN0001','2025-11-28'),
('BN0002','2025-12-16'),
('BN0004','2025-12-05'),
('BN0005','2025-12-20'),
('BN0006','2025-11-25'),
('BN0007','2025-12-12'),
('BN0010','2025-12-11'),
('BN0011','2025-12-19'),
('BN0012','2025-11-24'),
('BN0013','2025-12-18'),
('BN0015','2025-12-03'),
('BN0016','2025-12-16'),
('BN0017','2025-12-14'),
('BN0018','2025-12-14'),
('BN0019','2025-12-20'),
('BN0020','2025-11-29'),
('BN0021','2025-12-20'),
('BN0023','2025-12-17'),
('BN0025','2025-12-07'),
('BN0026','2025-12-20'),
('BN0028','2025-12-19'),
('BN0030','2025-12-20'),
('BN0033','2025-12-10'),
('BN0034','2025-12-20'),
('BN0036','2025-12-20'),
('BN0038','2025-12-20'),
('BN0040','2025-12-19'),
('BN0041','2025-12-20'),
('BN0042','2025-12-20'),
('BN0043','2025-12-13'),
('BN0044','2025-12-20'),
('BN0045','2025-12-13'),
('BN0046','2025-12-20'),
('BN0047','2025-12-20'),
('BN0049','2025-11-24'),
('BN0050','2025-12-20'),
('BN0051','2025-12-20'),
('BN0052','2025-12-13'),
('BN0053','2025-12-11'),
('BN0055','2025-12-20'),
('BN0056','2025-12-16'),
('BN0058','2025-11-29'),
('BN0059','2025-12-15'),
('BN0060','2025-12-18'),
('BN0061','2025-11-24'),
('BN0062','2025-12-20'),
('BN0063','2025-12-20'),
('BN0064','2025-12-03'),
('BN0065','2025-11-29'),
('BN0066','2025-12-05'),
('BN0067','2025-12-20'),
('BN0068','2025-12-09'),
('BN0070','2025-12-09'),
('BN0071','2025-12-20'),
('BN0072','2025-12-20'),
('BN0074','2025-11-28'),
('BN0075','2025-12-19'),
('BN0076','2025-12-16'),
('BN0077','2025-12-03'),
('BN0079','2025-12-20'),
('BN0080','2025-12-20'),
('BN0081','2025-11-27'),
('BN0082','2025-12-14'),
('BN0084','2025-12-04'),
('BN0085','2025-11-23'),
('BN0086','2025-12-20'),
('BN0087','2025-12-18'),
('BN0088','2025-12-07'),
('BN0089','2025-12-15'),
('BN0090','2025-12-12'),
('BN0093','2025-11-27'),
('BN0094','2025-12-20'),
('BN0096','2025-12-20'),
('BN0097','2025-11-28'),
('BN0099','2025-12-20'),
('BN0100','2025-12-20');

/* =========================
14. DONTHUOC
========================= */
INSERT INTO donthuoc VALUES
('DT00001','BS0051','BN0074'),
('DT00002','BS0001','BN0066'),
('DT00003','BS0091','BN0099'),
('DT00004','BS0063','BN0062'),
('DT00005','BS0056','BN0052'),
('DT00006','BS0094','BN0100'),
('DT00007','BS0009','BN0070'),
('DT00008','BS0029','BN0001'),
('DT00009','BS0050','BN0089'),
('DT00010','BS0100','BN0062'),
('DT00011','BS0016','BN0073'),
('DT00012','BS0069','BN0046'),
('DT00013','BS0043','BN0088'),
('DT00014','BS0039','BN0052'),
('DT00015','BS0008','BN0081'),
('DT00016','BS0083','BN0012'),
('DT00017','BS0047','BN0069'),
('DT00018','BS0044','BN0011'),
('DT00019','BS0059','BN0098'),
('DT00020','BS0099','BN0038'),
('DT00021','BS0083','BN0026'),
('DT00022','BS0023','BN0071'),
('DT00023','BS0006','BN0050'),
('DT00024','BS0085','BN0025'),
('DT00025','BS0039','BN0090'),
('DT00026','BS0050','BN0014'),
('DT00027','BS0081','BN0089'),
('DT00028','BS0046','BN0063'),
('DT00029','BS0011','BN0081'),
('DT00030','BS0057','BN0095'),
('DT00031','BS0025','BN0018'),
('DT00032','BS0005','BN0025'),
('DT00033','BS0004','BN0093'),
('DT00034','BS0076','BN0031'),
('DT00035','BS0063','BN0050'),
('DT00036','BS0009','BN0070'),
('DT00037','BS0083','BN0040'),
('DT00038','BS0064','BN0069'),
('DT00039','BS0058','BN0003'),
('DT00040','BS0005','BN0044'),
('DT00041','BS0008','BN0044'),
('DT00042','BS0093','BN0006'),
('DT00043','BS0052','BN0016'),
('DT00044','BS0028','BN0084'),
('DT00045','BS0086','BN0067'),
('DT00046','BS0059','BN0087'),
('DT00047','BS0069','BN0020'),
('DT00048','BS0095','BN0075'),
('DT00049','BS0030','BN0010'),
('DT00050','BS0005','BN0095'),
('DT00051','BS0019','BN0063'),
('DT00052','BS0084','BN0003'),
('DT00053','BS0061','BN0080'),
('DT00054','BS0006','BN0032'),
('DT00055','BS0090','BN0084'),
('DT00056','BS0017','BN0002'),
('DT00057','BS0023','BN0081'),
('DT00058','BS0007','BN0040'),
('DT00059','BS0013','BN0059'),
('DT00060','BS0079','BN0022'),
('DT00061','BS0076','BN0009'),
('DT00062','BS0014','BN0015'),
('DT00063','BS0064','BN0077'),
('DT00064','BS0079','BN0029'),
('DT00065','BS0009','BN0026'),
('DT00066','BS0055','BN0044'),
('DT00067','BS0095','BN0087'),
('DT00068','BS0052','BN0042'),
('DT00069','BS0016','BN0088'),
('DT00070','BS0074','BN0070'),
('DT00071','BS0018','BN0042'),
('DT00072','BS0028','BN0098'),
('DT00073','BS0006','BN0076'),
('DT00074','BS0023','BN0043'),
('DT00075','BS0009','BN0016'),
('DT00076','BS0036','BN0019'),
('DT00077','BS0097','BN0054'),
('DT00078','BS0022','BN0090'),
('DT00079','BS0048','BN0071'),
('DT00080','BS0022','BN0057'),
('DT00081','BS0032','BN0075'),
('DT00082','BS0006','BN0018'),
('DT00083','BS0013','BN0081'),
('DT00084','BS0079','BN0049'),
('DT00085','BS0100','BN0021'),
('DT00086','BS0003','BN0063'),
('DT00087','BS0011','BN0001'),
('DT00088','BS0001','BN0023'),
('DT00089','BS0012','BN0091'),
('DT00090','BS0084','BN0076'),
('DT00091','BS0037','BN0054'),
('DT00092','BS0089','BN0099'),
('DT00093','BS0061','BN0089'),
('DT00094','BS0017','BN0027'),
('DT00095','BS0019','BN0082'),
('DT00096','BS0035','BN0067'),
('DT00097','BS0058','BN0053'),
('DT00098','BS0031','BN0023'),
('DT00099','BS0079','BN0089'),
('DT00100','BS0005','BN0077');

/* =========================
15. CHITIET_DH
========================= */
INSERT INTO chitiet_dh VALUES
('DT00001','T0184',20,3),
('DT00001','T0128',21,7),
('DT00002','T0108',8,5),
('DT00002','T0002',4,14),
('DT00002','T0143',4,14),
('DT00003','T0195',8,10),
('DT00003','T0139',25,5),
('DT00003','T0130',9,3),
('DT00004','T0029',22,10),
('DT00004','T0039',16,5),
('DT00005','T0172',2,7),
('DT00005','T0012',10,5),
('DT00006','T0065',15,3),
('DT00006','T0086',4,3),
('DT00006','T0158',30,14),
('DT00006','T0195',6,5),
('DT00007','T0125',17,3),
('DT00008','T0061',24,10),
('DT00009','T0108',22,7),
('DT00009','T0051',8,3),
('DT00009','T0192',11,5),
('DT00010','T0061',24,10),
('DT00011','T0097',3,10),
('DT00011','T0057',19,10),
('DT00012','T0112',5,5),
('DT00013','T0046',15,5),
('DT00013','T0100',21,7),
('DT00013','T0096',9,5),
('DT00013','T0035',11,5),
('DT00014','T0178',19,3),
('DT00015','T0035',15,10),
('DT00015','T0029',6,7),
('DT00015','T0120',8,7),
('DT00016','T0164',29,5),
('DT00016','T0157',19,14),
('DT00017','T0023',28,14),
('DT00017','T0106',16,5),
('DT00018','T0119',14,5),
('DT00018','T0072',8,7),
('DT00018','T0004',14,14),
('DT00018','T0187',8,14),
('DT00019','T0147',14,3),
('DT00019','T0002',2,10),
('DT00020','T0109',17,10),
('DT00021','T0179',8,3),
('DT00021','T0026',18,3),
('DT00021','T0116',23,10),
('DT00021','T0127',7,5),
('DT00022','T0076',3,3),
('DT00022','T0062',16,7),
('DT00022','T0166',6,10),
('DT00023','T0117',15,5),
('DT00024','T0048',23,3),
('DT00024','T0095',28,3),
('DT00024','T0161',13,7),
('DT00024','T0119',17,3),
('DT00025','T0110',23,14),
('DT00025','T0193',18,14),
('DT00025','T0070',26,5),
('DT00026','T0159',29,7),
('DT00027','T0132',30,7),
('DT00028','T0029',13,7),
('DT00029','T0159',21,14),
('DT00029','T0011',23,3),
('DT00029','T0094',18,5),
('DT00029','T0045',5,7),
('DT00030','T0139',21,10),
('DT00030','T0030',24,14),
('DT00031','T0193',25,5),
('DT00031','T0191',11,7),
('DT00032','T0129',9,3),
('DT00032','T0175',3,7),
('DT00032','T0109',12,10),
('DT00033','T0129',23,14),
('DT00033','T0135',22,14),
('DT00033','T0032',29,7),
('DT00033','T0121',15,14),
('DT00034','T0173',7,10),
('DT00034','T0178',3,3),
('DT00034','T0017',13,5),
('DT00035','T0020',9,3),
('DT00035','T0028',23,5),
('DT00035','T0043',16,5),
('DT00036','T0134',1,7),
('DT00036','T0161',14,14),
('DT00037','T0122',14,10),
('DT00037','T0089',24,3),
('DT00038','T0049',28,5),
('DT00038','T0017',27,14),
('DT00038','T0006',21,7),
('DT00039','T0149',26,7),
('DT00039','T0088',16,14),
('DT00039','T0168',22,14),
('DT00039','T0166',27,14),
('DT00040','T0118',29,7),
('DT00040','T0078',6,7),
('DT00040','T0146',8,10),
('DT00040','T0034',12,7),
('DT00041','T0038',12,7),
('DT00042','T0043',18,7),
('DT00042','T0159',6,5),
('DT00042','T0042',27,5),
('DT00042','T0183',6,5),
('DT00043','T0011',11,14),
('DT00044','T0113',12,5),
('DT00044','T0067',7,14),
('DT00045','T0171',11,7),
('DT00046','T0096',18,5),
('DT00046','T0115',18,7),
('DT00047','T0007',13,10),
('DT00048','T0118',5,3),
('DT00048','T0082',24,14),
('DT00049','T0166',16,7),
('DT00049','T0181',25,14),
('DT00049','T0076',22,5),
('DT00050','T0087',16,3),
('DT00050','T0177',5,14),
('DT00050','T0029',4,7),
('DT00050','T0188',1,10),
('DT00051','T0115',3,7),
('DT00051','T0092',2,14),
('DT00052','T0150',8,7),
('DT00052','T0135',7,3),
('DT00053','T0138',28,10),
('DT00054','T0132',13,5),
('DT00055','T0082',30,7),
('DT00055','T0155',13,5),
('DT00055','T0131',23,10),
('DT00055','T0015',12,10),
('DT00056','T0004',12,7),
('DT00056','T0073',15,14),
('DT00056','T0089',3,5),
('DT00057','T0190',6,10),
('DT00057','T0107',24,10),
('DT00057','T0114',5,14),
('DT00057','T0074',20,3),
('DT00058','T0054',16,14),
('DT00058','T0078',11,3),
('DT00059','T0023',30,7),
('DT00059','T0002',14,5),
('DT00059','T0105',18,10),
('DT00059','T0164',23,14),
('DT00060','T0052',27,10),
('DT00060','T0048',10,14),
('DT00061','T0011',18,10),
('DT00061','T0078',8,3),
('DT00061','T0150',26,3),
('DT00061','T0127',5,7),
('DT00062','T0164',4,7),
('DT00062','T0163',14,5),
('DT00062','T0121',16,5),
('DT00063','T0031',25,7),
('DT00064','T0018',19,10),
('DT00064','T0154',19,10),
('DT00064','T0191',28,7),
('DT00064','T0093',21,10),
('DT00065','T0096',17,14),
('DT00066','T0067',6,14),
('DT00067','T0038',11,10),
('DT00068','T0092',2,7),
('DT00068','T0042',12,10),
('DT00069','T0013',21,3),
('DT00069','T0075',17,5),
('DT00069','T0136',25,5),
('DT00070','T0154',25,5),
('DT00071','T0081',9,7),
('DT00071','T0176',4,14),
('DT00071','T0078',19,7),
('DT00072','T0004',17,7),
('DT00072','T0036',12,10),
('DT00073','T0088',5,14),
('DT00073','T0042',8,5),
('DT00073','T0027',26,14),
('DT00073','T0056',20,14),
('DT00074','T0107',15,3),
('DT00075','T0034',30,3),
('DT00076','T0090',5,10),
('DT00076','T0080',29,14),
('DT00076','T0177',17,7),
('DT00076','T0093',6,7),
('DT00077','T0191',27,3),
('DT00078','T0033',5,5),
('DT00078','T0178',10,5),
('DT00079','T0034',14,3),
('DT00079','T0021',3,3),
('DT00080','T0194',4,3),
('DT00080','T0111',26,14),
('DT00080','T0011',19,3),
('DT00080','T0051',16,3),
('DT00081','T0012',22,3),
('DT00081','T0017',25,3),
('DT00081','T0078',26,3),
('DT00082','T0151',6,7),
('DT00082','T0052',1,3),
('DT00083','T0192',19,7),
('DT00083','T0072',12,5),
('DT00084','T0130',3,3),
('DT00084','T0146',27,14),
('DT00085','T0136',7,5),
('DT00086','T0044',1,3),
('DT00086','T0194',30,5),
('DT00086','T0138',30,14),
('DT00087','T0094',15,3),
('DT00087','T0179',6,7),
('DT00087','T0151',13,10),
('DT00087','T0048',7,14),
('DT00088','T0105',25,7),
('DT00088','T0029',4,10),
('DT00089','T0134',5,10),
('DT00090','T0181',24,3),
('DT00090','T0074',3,7),
('DT00090','T0143',16,3),
('DT00091','T0073',10,10),
('DT00091','T0117',8,14),
('DT00091','T0154',14,7),
('DT00091','T0189',28,10),
('DT00092','T0018',22,7),
('DT00092','T0122',6,3),
('DT00093','T0173',17,3),
('DT00093','T0027',4,5),
('DT00093','T0102',13,10),
('DT00093','T0113',23,14),
('DT00094','T0190',30,5),
('DT00095','T0094',7,7),
('DT00096','T0153',4,5),
('DT00096','T0104',27,10),
('DT00097','T0072',19,14),
('DT00097','T0196',9,10),
('DT00097','T0183',12,10),
('DT00097','T0197',22,14),
('DT00098','T0125',25,10),
('DT00098','T0131',4,3),
('DT00098','T0072',9,10),
('DT00098','T0038',16,5),
('DT00099','T0008',24,3),
('DT00099','T0026',27,3),
('DT00100','T0174',20,7),
('DT00100','T0007',5,7),
('DT00100','T0046',20,14),
('DT00100','T0098',4,3);

/* =========================
16. SOKHAMBENH
========================= */
INSERT INTO sokhambenh VALUES
('SKB00001','BN0085','2025-12-18','Tăng huyết áp','Điều trị ngoại trú (kê đơn)','Đang tiến triển tốt','DT00038','K0008'),
('SKB00002','BN0063','2025-12-14','Viêm dạ dày - tá tràng','Điều trị ngoại trú (kê đơn)','Nặng lên','DT00070','K0001'),
('SKB00003','BN0098','2025-12-06','Sốt siêu vi','Chuyển tuyến trên','Ổn định','DT00058','K0006'),
('SKB00004','BN0049','2025-12-13','Xơ gan','Điều trị ngoại trú (kê đơn)','Đang tiến triển tốt','DT00100','K0005'),
('SKB00005','BN0091','2025-12-08','Tăng huyết áp','Điều trị ngoại trú (kê đơn)','Thuyên giảm','DT00063','K0002'),
('SKB00006','BN0073','2025-12-16','Tăng huyết áp','Nhập viện nội trú','Đang tiến triển tốt','DT00061','K0008'),
('SKB00007','BN0072','2025-12-19','Hen phế quản','Điều trị ngoại trú (kê đơn)','Ổn định','DT00076','K0007'),
('SKB00008','BN0079','2025-12-16','Rối loạn tiêu hóa','Tái khám định kỳ','Ổn định','DT00004','K0010'),
('SKB00009','BN0006','2025-12-08','Viêm khớp dạng thấp','Điều trị ngoại trú (kê đơn)','Thuyên giảm','DT00004','K0006'),
('SKB00010','BN0049','2025-12-07','Viêm gan B','Tái khám định kỳ','Đang tiến triển tốt','DT00008','K0004'),
('SKB00011','BN0032','2025-12-09','Thiếu máu cơ tim','Nhập viện nội trú','Tiên lượng dè dặt','DT00009','K0005'),
('SKB00012','BN0015','2025-12-11','Hen phế quản','Nhập viện nội trú','Ổn định','DT00085','K0007'),
('SKB00013','BN0073','2025-12-14','Mề đay dị ứng','Điều trị ngoại trú (kê đơn)','Đang tiến triển tốt','DT00076','K0001'),
('SKB00014','BN0041','2025-12-12','Đái tháo đường type 2','Điều trị ngoại trú (kê đơn)','Ổn định','DT00063','K0002'),
('SKB00015','BN0089','2025-12-16','Viêm mũi dị ứng','Điều trị ngoại trú (kê đơn)','Thuyên giảm','DT00086','K0006'),
('SKB00016','BN0022','2025-12-15','Viêm dạ dày - tá tràng','Tái khám định kỳ','Ổn định','DT00082','K0002'),
('SKB00017','BN0069','2025-12-09','Viêm dạ dày - tá tràng','Điều trị ngoại trú (kê đơn)','Nguy kịch','DT00052','K0004'),
('SKB00018','BN0080','2025-12-17','Sốt xuất huyết','Theo dõi tại nhà','Đang tiến triển tốt','DT00076','K0006'),
('SKB00019','BN0035','2025-12-07','Đái tháo đường type 2','Nhập viện nội trú','Đang tiến triển tốt','DT00045','K0002'),
('SKB00020','BN0084','2025-12-19','Viêm dạ dày - tá tràng','Theo dõi tại nhà','Đang tiến triển tốt','DT00070','K0006'),
('SKB00021','BN0026','2025-12-12','Hội chứng ruột kích thích','Nhập viện nội trú','Đang tiến triển tốt','DT00098','K0009'),
('SKB00022','BN0024','2025-12-20','Cúm A/B','Theo dõi tại nhà','Nặng lên','DT00074','K0008'),
('SKB00023','BN0028','2025-12-16','Sốt xuất huyết','Theo dõi tại nhà','Đang tiến triển tốt','DT00082','K0009'),
('SKB00024','BN0079','2025-12-19','Rối loạn tiền đình','Điều trị ngoại trú (kê đơn)','Đang tiến triển tốt','DT00081','K0001'),
('SKB00025','BN0067','2025-12-09','Rối loạn tiêu hóa','Điều trị ngoại trú (kê đơn)','Ổn định','DT00088','K0005'),
('SKB00026','BN0056','2025-12-12','Trào ngược dạ dày (GERD)','Theo dõi tại nhà','Ổn định','DT00027','K0007'),
('SKB00027','BN0035','2025-12-19','Viêm dạ dày - tá tràng','Điều trị ngoại trú (kê đơn)','Đang tiến triển tốt','DT00031','K0007'),
('SKB00028','BN0031','2025-12-07','Hen phế quản','Điều trị ngoại trú (kê đơn)','Thuyên giảm','DT00040','K0008'),
('SKB00029','BN0063','2025-12-14','Sốt siêu vi','Điều trị ngoại trú (kê đơn)','Tiên lượng dè dặt','DT00026','K0003'),
('SKB00030','BN0035','2025-12-08','Cúm A/B','Theo dõi tại nhà','Ổn định','DT00071','K0003'),
('SKB00031','BN0083','2025-12-19','Cúm A/B','Theo dõi tại nhà','Thuyên giảm','DT00008','K0002'),
('SKB00032','BN0041','2025-12-15','Viêm dạ dày - tá tràng','Điều trị ngoại trú (kê đơn)','Nguy kịch','DT00047','K0002'),
('SKB00033','BN0051','2025-12-19','Đau đầu vận mạch','Điều trị ngoại trú (kê đơn)','Ổn định','DT00095','K0009'),
('SKB00034','BN0016','2025-12-14','Gout','Nhập viện nội trú','Thuyên giảm','DT00068','K0005'),
('SKB00035','BN0064','2025-12-20','Viêm phế quản','Nhập viện nội trú','Thuyên giảm','DT00041','K0006'),
('SKB00036','BN0075','2025-12-17','Hội chứng ruột kích thích','Theo dõi tại nhà','Ổn định','DT00055','K0004'),
('SKB00037','BN0019','2025-12-07','Hen phế quản','Tái khám định kỳ','Đang tiến triển tốt','DT00033','K0010'),
('SKB00038','BN0008','2025-12-13','Đái tháo đường type 2','Nhập viện nội trú','Ổn định','DT00070','K0007'),
('SKB00039','BN0061','2025-12-16','COPD','Điều trị ngoại trú (kê đơn)','Thuyên giảm','DT00019','K0006'),
('SKB00040','BN0061','2025-12-17','Rối loạn tiêu hóa','Điều trị ngoại trú (kê đơn)','Đang tiến triển tốt','DT00078','K0001'),
('SKB00041','BN0095','2025-12-16','Thoái hóa cột sống','Điều trị ngoại trú (kê đơn)','Tiên lượng dè dặt','DT00086','K0004'),
('SKB00042','BN0033','2025-12-14','Rối loạn tiêu hóa','Nhập viện nội trú','Thuyên giảm','DT00088','K0002'),
('SKB00043','BN0069','2025-12-19','Viêm xoang mạn','Điều trị ngoại trú (kê đơn)','Ổn định','DT00051','K0005'),
('SKB00044','BN0039','2025-12-07','Nhiễm trùng đường tiết niệu','Theo dõi tại nhà','Ổn định','DT00021','K0008'),
('SKB00045','BN0081','2025-12-11','Viêm da cơ địa','Theo dõi tại nhà','Đang tiến triển tốt','DT00005','K0005'),
('SKB00046','BN0011','2025-12-19','Thoái hóa cột sống','Điều trị ngoại trú (kê đơn)','Thuyên giảm','DT00043','K0007'),
('SKB00047','BN0013','2025-12-19','Hen phế quản','Điều trị ngoại trú (kê đơn)','Ổn định','DT00054','K0010'),
('SKB00048','BN0094','2025-12-19','Đái tháo đường type 2','Điều trị ngoại trú (kê đơn)','Đang tiến triển tốt','DT00098','K0001'),
('SKB00049','BN0083','2025-12-16','Viêm mũi dị ứng','Điều trị ngoại trú (kê đơn)','Đang tiến triển tốt','DT00001','K0007'),
('SKB00050','BN0026','2025-12-16','Viêm dạ dày - tá tràng','Nhập viện nội trú','Ổn định','DT00032','K0009'),
('SKB00051','BN0092','2025-12-18','Thoát vị đĩa đệm','Theo dõi tại nhà','Thuyên giảm','DT00088','K0007'),
('SKB00052','BN0041','2025-12-13','Tăng huyết áp','Theo dõi tại nhà','Ổn định','DT00088','K0010'),
('SKB00053','BN0042','2025-12-18','Viêm dạ dày - tá tràng','Điều trị ngoại trú (kê đơn)','Ổn định','DT00051','K0007'),
('SKB00054','BN0074','2025-12-09','Cúm A/B','Điều trị ngoại trú (kê đơn)','Đang tiến triển tốt','DT00079','K0004'),
('SKB00055','BN0012','2025-12-13','Viêm mũi dị ứng','Theo dõi tại nhà','Ổn định','DT00052','K0010'),
('SKB00056','BN0055','2025-12-15','Viêm dạ dày - tá tràng','Điều trị ngoại trú (kê đơn)','Ổn định','DT00073','K0002'),
('SKB00057','BN0002','2025-12-17','Tăng huyết áp','Theo dõi tại nhà','Tiên lượng dè dặt','DT00087','K0008'),
('SKB00058','BN0016','2025-12-09','Đau đầu vận mạch','Điều trị ngoại trú (kê đơn)','Nặng lên','DT00035','K0005'),
('SKB00059','BN0096','2025-12-13','Rối loạn tiêu hóa','Điều trị ngoại trú (kê đơn)','Ổn định','DT00028','K0005'),
('SKB00060','BN0094','2025-12-16','Viêm mũi dị ứng','Điều trị ngoại trú (kê đơn)','Thuyên giảm','DT00004','K0005'),
('SKB00061','BN0034','2025-12-09','Rối loạn lipid máu','Tư vấn sức khỏe','Ổn định','DT00088','K0008'),
('SKB00062','BN0011','2025-12-06','Tăng huyết áp','Chuyển tuyến trên','Nguy kịch','DT00051','K0004'),
('SKB00063','BN0092','2025-12-12','Béo phì','Theo dõi tại nhà','Ổn định','DT00013','K0009'),
('SKB00064','BN0008','2025-12-06','Trào ngược dạ dày (GERD)','Điều trị ngoại trú (kê đơn)','Tiên lượng dè dặt','DT00078','K0010'),
('SKB00065','BN0091','2025-12-17','Thoái hóa cột sống','Điều trị ngoại trú (kê đơn)','Đang tiến triển tốt','DT00049','K0005'),
('SKB00066','BN0051','2025-12-16','Rối loạn tiêu hóa','Tái khám định kỳ','Đang tiến triển tốt','DT00075','K0003'),
('SKB00067','BN0034','2025-12-08','Tăng huyết áp','Tư vấn sức khỏe','Nặng lên','DT00017','K0002'),
('SKB00068','BN0041','2025-12-17','Đái tháo đường type 2','Điều trị ngoại trú (kê đơn)','Ổn định','DT00006','K0003'),
('SKB00069','BN0064','2025-12-19','Sốt siêu vi','Điều trị ngoại trú (kê đơn)','Ổn định','DT00056','K0005'),
('SKB00070','BN0034','2025-12-15','Thoát vị đĩa đệm','Tư vấn sức khỏe','Đang tiến triển tốt','DT00056','K0003'),
('SKB00071','BN0041','2025-12-17','Sốt siêu vi','Theo dõi tại nhà','Ổn định','DT00085','K0008'),
('SKB00072','BN0007','2025-12-09','Viêm phổi','Điều trị ngoại trú (kê đơn)','Ổn định','DT00034','K0003'),
('SKB00073','BN0091','2025-12-13','Gan nhiễm mỡ','Tái khám định kỳ','Tiên lượng dè dặt','DT00006','K0008'),
('SKB00074','BN0046','2025-12-17','Đái tháo đường type 2','Điều trị ngoại trú (kê đơn)','Ổn định','DT00093','K0003'),
('SKB00075','BN0016','2025-12-11','Viêm phế quản','Chuyển tuyến trên','Ổn định','DT00022','K0009'),
('SKB00076','BN0035','2025-12-15','Viêm da cơ địa','Nhập viện nội trú','Đang tiến triển tốt','DT00001','K0009'),
('SKB00077','BN0099','2025-12-15','Viêm mũi dị ứng','Tư vấn sức khỏe','Ổn định','DT00064','K0002'),
('SKB00078','BN0043','2025-12-06','Viêm dạ dày - tá tràng','Tái khám định kỳ','Ổn định','DT00048','K0010'),
('SKB00079','BN0014','2025-12-19','Trào ngược dạ dày (GERD)','Điều trị ngoại trú (kê đơn)','Đang tiến triển tốt','DT00091','K0008'),
('SKB00080','BN0059','2025-12-16','Sốt xuất huyết','Nhập viện nội trú','Ổn định','DT00006','K0010'),
('SKB00081','BN0058','2025-12-11','Sốt xuất huyết','Tái khám định kỳ','Tiên lượng dè dặt','DT00073','K0003'),
('SKB00082','BN0028','2025-12-19','Viêm họng cấp','Nhập viện nội trú','Ổn định','DT00008','K0002'),
('SKB00083','BN0071','2025-12-15','Rối loạn tiêu hóa','Điều trị ngoại trú (kê đơn)','Ổn định','DT00099','K0007'),
('SKB00084','BN0012','2025-12-06','Đau thần kinh tọa','Điều trị ngoại trú (kê đơn)','Thuyên giảm','DT00037','K0003'),
('SKB00085','BN0016','2025-12-10','Tăng huyết áp','Điều trị ngoại trú (kê đơn)','Thuyên giảm','DT00040','K0010'),
('SKB00086','BN0017','2025-12-11','Gout','Theo dõi tại nhà','Đang tiến triển tốt','DT00063','K0008'),
('SKB00087','BN0050','2025-12-13','Viêm dạ dày - tá tràng','Nhập viện nội trú','Ổn định','DT00055','K0006'),
('SKB00088','BN0079','2025-12-08','Gan nhiễm mỡ','Điều trị ngoại trú (kê đơn)','Ổn định','DT00044','K0008'),
('SKB00089','BN0087','2025-12-09','Thiếu máu cơ tim','Theo dõi tại nhà','Tiên lượng dè dặt','DT00068','K0009'),
('SKB00090','BN0011','2025-12-10','Tăng huyết áp','Điều trị ngoại trú (kê đơn)','Thuyên giảm','DT00039','K0003'),
('SKB00091','BN0017','2025-12-16','Mề đay dị ứng','Theo dõi tại nhà','Đang tiến triển tốt','DT00038','K0010'),
('SKB00092','BN0007','2025-12-14','Viêm họng cấp','Điều trị ngoại trú (kê đơn)','Ổn định','DT00055','K0007'),
('SKB00093','BN0013','2025-12-13','Gout','Nhập viện nội trú','Ổn định','DT00033','K0010'),
('SKB00094','BN0011','2025-12-18','Tăng huyết áp','Điều trị ngoại trú (kê đơn)','Đang tiến triển tốt','DT00023','K0003'),
('SKB00095','BN0051','2025-12-06','Viêm họng cấp','Chuyển tuyến trên','Ổn định','DT00076','K0008'),
('SKB00096','BN0097','2025-12-16','Gan nhiễm mỡ','Theo dõi tại nhà','Ổn định','DT00024','K0004'),
('SKB00097','BN0024','2025-12-07','Rối loạn tiền đình','Nhập viện nội trú','Nặng lên','DT00014','K0007'),
('SKB00098','BN0069','2025-12-06','Cúm A/B','Điều trị ngoại trú (kê đơn)','Ổn định','DT00062','K0008'),
('SKB00099','BN0089','2025-12-12','Viêm da cơ địa','Tái khám định kỳ','Đang tiến triển tốt','DT00063','K0005'),
('SKB00100','BN0080','2025-12-19','Sốt siêu vi','Điều trị ngoại trú (kê đơn)','Đang tiến triển tốt','DT00089','K0007');

/* =========================
17. HOADON
========================= */
INSERT INTO hoadon VALUES
('HD00001','BHYT00039','DT00012','BN0017',180000),
('HD00002','BHYT00002','DT00025','BN0015',120000),
('HD00003','BHYT00090','DT00025','BN0004',200000),
('HD00004','BHYT00062','DT00084','BN0019',200000),
('HD00005','BHYT00056','DT00081','BN0069',200000),
('HD00006','BHYT00012','DT00039','BN0099',350000),
('HD00007','BHYT00019','DT00061','BN0055',120000),
('HD00008','BHYT00015','DT00022','BN0020',350000),
('HD00009','BHYT00063','DT00061','BN0003',350000),
('HD00010','BHYT00075','DT00032','BN0026',220000),
('HD00011','BHYT00073','DT00051','BN0007',250000),
('HD00012','BHYT00002','DT00014','BN0081',300000),
('HD00013','BHYT00054','DT00064','BN0095',220000),
('HD00014','BHYT00005','DT00063','BN0052',350000),
('HD00015','BHYT00066','DT00076','BN0093',350000),
('HD00016','BHYT00030','DT00092','BN0008',120000),
('HD00017','BHYT00055','DT00074','BN0041',150000),
('HD00018','BHYT00035','DT00083','BN0054',350000),
('HD00019','BHYT00015','DT00064','BN0080',250000),
('HD00020','BHYT00058','DT00090','BN0056',120000),
('HD00021','BHYT00021','DT00037','BN0093',200000),
('HD00022','BHYT00061','DT00045','BN0057',200000),
('HD00023','BHYT00065','DT00029','BN0076',250000),
('HD00024','BHYT00078','DT00092','BN0085',350000),
('HD00025','BHYT00017','DT00038','BN0093',300000),
('HD00026','BHYT00054','DT00087','BN0084',250000),
('HD00027','BHYT00061','DT00021','BN0080',200000),
('HD00028','BHYT00037','DT00089','BN0096',150000),
('HD00029','BHYT00086','DT00062','BN0017',180000),
('HD00030','BHYT00026','DT00021','BN0078',350000),
('HD00031','BHYT00013','DT00054','BN0064',220000),
('HD00032','BHYT00031','DT00027','BN0072',120000),
('HD00033','BHYT00003','DT00046','BN0034',250000),
('HD00034','BHYT00087','DT00021','BN0023',120000),
('HD00035','BHYT00009','DT00044','BN0056',150000),
('HD00036','BHYT00080','DT00030','BN0016',200000),
('HD00037','BHYT00063','DT00034','BN0044',250000),
('HD00038','BHYT00099','DT00006','BN0099',220000),
('HD00039','BHYT00020','DT00089','BN0066',150000),
('HD00040','BHYT00091','DT00007','BN0057',350000),
('HD00041','BHYT00097','DT00015','BN0014',150000),
('HD00042','BHYT00072','DT00006','BN0065',150000),
('HD00043','BHYT00022','DT00081','BN0016',200000),
('HD00044','BHYT00047','DT00021','BN0094',220000),
('HD00045','BHYT00091','DT00057','BN0098',350000),
('HD00046','BHYT00094','DT00013','BN0020',250000),
('HD00047','BHYT00043','DT00018','BN0016',200000),
('HD00048','BHYT00057','DT00054','BN0099',120000),
('HD00049','BHYT00032','DT00061','BN0044',220000),
('HD00050','BHYT00065','DT00022','BN0011',220000),
('HD00051','BHYT00048','DT00092','BN0097',300000),
('HD00052','BHYT00047','DT00081','BN0086',200000),
('HD00053','BHYT00020','DT00097','BN0097',300000),
('HD00054','BHYT00030','DT00018','BN0055',300000),
('HD00055','BHYT00053','DT00059','BN0067',250000),
('HD00056','BHYT00004','DT00057','BN0019',120000),
('HD00057','BHYT00092','DT00067','BN0009',150000),
('HD00058','BHYT00044','DT00041','BN0052',180000),
('HD00059','BHYT00056','DT00008','BN0051',120000),
('HD00060','BHYT00085','DT00083','BN0020',120000),
('HD00061','BHYT00081','DT00092','BN0085',220000),
('HD00062','BHYT00054','DT00052','BN0088',220000),
('HD00063','BHYT00093','DT00096','BN0041',250000),
('HD00064','BHYT00002','DT00036','BN0068',180000),
('HD00065','BHYT00090','DT00052','BN0058',200000),
('HD00066','BHYT00070','DT00080','BN0080',350000),
('HD00067','BHYT00090','DT00045','BN0084',300000),
('HD00068','BHYT00100','DT00026','BN0039',150000),
('HD00069','BHYT00005','DT00069','BN0043',300000),
('HD00070','BHYT00093','DT00093','BN0095',180000),
('HD00071','BHYT00067','DT00070','BN0037',200000),
('HD00072','BHYT00012','DT00066','BN0071',220000),
('HD00073','BHYT00067','DT00044','BN0097',180000),
('HD00074','BHYT00003','DT00004','BN0070',220000),
('HD00075','BHYT00031','DT00100','BN0039',300000),
('HD00076','BHYT00065','DT00015','BN0094',120000),
('HD00077','BHYT00048','DT00034','BN0081',250000),
('HD00078','BHYT00016','DT00007','BN0097',150000),
('HD00079','BHYT00058','DT00039','BN0074',120000),
('HD00080','BHYT00059','DT00044','BN0031',200000),
('HD00081','BHYT00045','DT00039','BN0037',180000),
('HD00082','BHYT00092','DT00049','BN0067',200000),
('HD00083','BHYT00014','DT00042','BN0067',200000),
('HD00084','BHYT00100','DT00047','BN0059',150000),
('HD00085','BHYT00019','DT00092','BN0055',300000),
('HD00086','BHYT00011','DT00012','BN0008',300000),
('HD00087','BHYT00017','DT00061','BN0028',350000),
('HD00088','BHYT00010','DT00048','BN0087',300000),
('HD00089','BHYT00076','DT00072','BN0067',300000),
('HD00090','BHYT00034','DT00075','BN0064',300000),
('HD00091','BHYT00057','DT00089','BN0063',300000),
('HD00092','BHYT00021','DT00019','BN0065',180000),
('HD00093','BHYT00063','DT00092','BN0059',180000),
('HD00094','BHYT00091','DT00066','BN0068',150000),
('HD00095','BHYT00089','DT00028','BN0059',350000),
('HD00096','BHYT00005','DT00096','BN0021',250000),
('HD00097','BHYT00016','DT00078','BN0053',150000),
('HD00098','BHYT00016','DT00048','BN0074',220000),
('HD00099','BHYT00006','DT00067','BN0020',150000),
('HD00100','BHYT00048','DT00040','BN0048',220000);

/* =========================
18. USERS (BENHNHAN - NEW)
========================= */
INSERT INTO user (username, password, role, ref_id) VALUES
('bn0001','$2b$12$eIXhD1YwFzQkLQ9R0O6B8e1Y6uJp9gE5MZkXGQn0qj2FhQZ3BvZ9K','BENHNHAN','BN0001'),
('bn0002','$2b$12$eIXhD1YwFzQkLQ9R0O6B8e1Y6uJp9gE5MZkXGQn0qj2FhQZ3BvZ9K','BENHNHAN','BN0002'),
('bn0003','$2b$12$eIXhD1YwFzQkLQ9R0O6B8e1Y6uJp9gE5MZkXGQn0qj2FhQZ3BvZ9K','BENHNHAN','BN0003'),
('bn0004','$2b$12$eIXhD1YwFzQkLQ9R0O6B8e1Y6uJp9gE5MZkXGQn0qj2FhQZ3BvZ9K','BENHNHAN','BN0004'),
('bn0005','$2b$12$eIXhD1YwFzQkLQ9R0O6B8e1Y6uJp9gE5MZkXGQn0qj2FhQZ3BvZ9K','BENHNHAN','BN0005'),
('bn0006','$2b$12$eIXhD1YwFzQkLQ9R0O6B8e1Y6uJp9gE5MZkXGQn0qj2FhQZ3BvZ9K','BENHNHAN','BN0006'),
('bn0007','$2b$12$eIXhD1YwFzQkLQ9R0O6B8e1Y6uJp9gE5MZkXGQn0qj2FhQZ3BvZ9K','BENHNHAN','BN0007'),
('bn0008','$2b$12$eIXhD1YwFzQkLQ9R0O6B8e1Y6uJp9gE5MZkXGQn0qj2FhQZ3BvZ9K','BENHNHAN','BN0008'),
('bn0009','$2b$12$eIXhD1YwFzQkLQ9R0O6B8e1Y6uJp9gE5MZkXGQn0qj2FhQZ3BvZ9K','BENHNHAN','BN0009'),
('bn0010','$2b$12$eIXhD1YwFzQkLQ9R0O6B8e1Y6uJp9gE5MZkXGQn0qj2FhQZ3BvZ9K','BENHNHAN','BN0010'),
('bn0011','$2b$12$eIXhD1YwFzQkLQ9R0O6B8e1Y6uJp9gE5MZkXGQn0qj2FhQZ3BvZ9K','BENHNHAN','BN0011'),
('bn0012','$2b$12$eIXhD1YwFzQkLQ9R0O6B8e1Y6uJp9gE5MZkXGQn0qj2FhQZ3BvZ9K','BENHNHAN','BN0012'),
('bn0013','$2b$12$eIXhD1YwFzQkLQ9R0O6B8e1Y6uJp9gE5MZkXGQn0qj2FhQZ3BvZ9K','BENHNHAN','BN0013'),
('bn0014','$2b$12$eIXhD1YwFzQkLQ9R0O6B8e1Y6uJp9gE5MZkXGQn0qj2FhQZ3BvZ9K','BENHNHAN','BN0014'),
('bn0015','$2b$12$eIXhD1YwFzQkLQ9R0O6B8e1Y6uJp9gE5MZkXGQn0qj2FhQZ3BvZ9K','BENHNHAN','BN0015'),
('bn0016','$2b$12$eIXhD1YwFzQkLQ9R0O6B8e1Y6uJp9gE5MZkXGQn0qj2FhQZ3BvZ9K','BENHNHAN','BN0016'),
('bn0017','$2b$12$eIXhD1YwFzQkLQ9R0O6B8e1Y6uJp9gE5MZkXGQn0qj2FhQZ3BvZ9K','BENHNHAN','BN0017'),
('bn0018','$2b$12$eIXhD1YwFzQkLQ9R0O6B8e1Y6uJp9gE5MZkXGQn0qj2FhQZ3BvZ9K','BENHNHAN','BN0018'),
('bn0019','$2b$12$eIXhD1YwFzQkLQ9R0O6B8e1Y6uJp9gE5MZkXGQn0qj2FhQZ3BvZ9K','BENHNHAN','BN0019'),
('bn0020','$2b$12$eIXhD1YwFzQkLQ9R0O6B8e1Y6uJp9gE5MZkXGQn0qj2FhQZ3BvZ9K','BENHNHAN','BN0020'),
('bn0021','$2b$12$eIXhD1YwFzQkLQ9R0O6B8e1Y6uJp9gE5MZkXGQn0qj2FhQZ3BvZ9K','BENHNHAN','BN0021'),
('bn0022','$2b$12$eIXhD1YwFzQkLQ9R0O6B8e1Y6uJp9gE5MZkXGQn0qj2FhQZ3BvZ9K','BENHNHAN','BN0022'),
('bn0023','$2b$12$eIXhD1YwFzQkLQ9R0O6B8e1Y6uJp9gE5MZkXGQn0qj2FhQZ3BvZ9K','BENHNHAN','BN0023'),
('bn0024','$2b$12$eIXhD1YwFzQkLQ9R0O6B8e1Y6uJp9gE5MZkXGQn0qj2FhQZ3BvZ9K','BENHNHAN','BN0024'),
('bn0025','$2b$12$eIXhD1YwFzQkLQ9R0O6B8e1Y6uJp9gE5MZkXGQn0qj2FhQZ3BvZ9K','BENHNHAN','BN0025'),
('bn0026','$2b$12$eIXhD1YwFzQkLQ9R0O6B8e1Y6uJp9gE5MZkXGQn0qj2FhQZ3BvZ9K','BENHNHAN','BN0026'),
('bn0027','$2b$12$eIXhD1YwFzQkLQ9R0O6B8e1Y6uJp9gE5MZkXGQn0qj2FhQZ3BvZ9K','BENHNHAN','BN0027'),
('bn0028','$2b$12$eIXhD1YwFzQkLQ9R0O6B8e1Y6uJp9gE5MZkXGQn0qj2FhQZ3BvZ9K','BENHNHAN','BN0028'),
('bn0029','$2b$12$eIXhD1YwFzQkLQ9R0O6B8e1Y6uJp9gE5MZkXGQn0qj2FhQZ3BvZ9K','BENHNHAN','BN0029'),
('bn0030','$2b$12$eIXhD1YwFzQkLQ9R0O6B8e1Y6uJp9gE5MZkXGQn0qj2FhQZ3BvZ9K','BENHNHAN','BN0030'),
('bn0031','$2b$12$eIXhD1YwFzQkLQ9R0O6B8e1Y6uJp9gE5MZkXGQn0qj2FhQZ3BvZ9K','BENHNHAN','BN0031'),
('bn0032','$2b$12$eIXhD1YwFzQkLQ9R0O6B8e1Y6uJp9gE5MZkXGQn0qj2FhQZ3BvZ9K','BENHNHAN','BN0032'),
('bn0033','$2b$12$eIXhD1YwFzQkLQ9R0O6B8e1Y6uJp9gE5MZkXGQn0qj2FhQZ3BvZ9K','BENHNHAN','BN0033'),
('bn0034','$2b$12$eIXhD1YwFzQkLQ9R0O6B8e1Y6uJp9gE5MZkXGQn0qj2FhQZ3BvZ9K','BENHNHAN','BN0034'),
('bn0035','$2b$12$eIXhD1YwFzQkLQ9R0O6B8e1Y6uJp9gE5MZkXGQn0qj2FhQZ3BvZ9K','BENHNHAN','BN0035'),
('bn0036','$2b$12$eIXhD1YwFzQkLQ9R0O6B8e1Y6uJp9gE5MZkXGQn0qj2FhQZ3BvZ9K','BENHNHAN','BN0036'),
('bn0037','$2b$12$eIXhD1YwFzQkLQ9R0O6B8e1Y6uJp9gE5MZkXGQn0qj2FhQZ3BvZ9K','BENHNHAN','BN0037'),
('bn0038','$2b$12$eIXhD1YwFzQkLQ9R0O6B8e1Y6uJp9gE5MZkXGQn0qj2FhQZ3BvZ9K','BENHNHAN','BN0038'),
('bn0039','$2b$12$eIXhD1YwFzQkLQ9R0O6B8e1Y6uJp9gE5MZkXGQn0qj2FhQZ3BvZ9K','BENHNHAN','BN0039'),
('bn0040','$2b$12$eIXhD1YwFzQkLQ9R0O6B8e1Y6uJp9gE5MZkXGQn0qj2FhQZ3BvZ9K','BENHNHAN','BN0040'),
('bn0041','$2b$12$eIXhD1YwFzQkLQ9R0O6B8e1Y6uJp9gE5MZkXGQn0qj2FhQZ3BvZ9K','BENHNHAN','BN0041'),
('bn0042','$2b$12$eIXhD1YwFzQkLQ9R0O6B8e1Y6uJp9gE5MZkXGQn0qj2FhQZ3BvZ9K','BENHNHAN','BN0042'),
('bn0043','$2b$12$eIXhD1YwFzQkLQ9R0O6B8e1Y6uJp9gE5MZkXGQn0qj2FhQZ3BvZ9K','BENHNHAN','BN0043'),
('bn0044','$2b$12$eIXhD1YwFzQkLQ9R0O6B8e1Y6uJp9gE5MZkXGQn0qj2FhQZ3BvZ9K','BENHNHAN','BN0044'),
('bn0045','$2b$12$eIXhD1YwFzQkLQ9R0O6B8e1Y6uJp9gE5MZkXGQn0qj2FhQZ3BvZ9K','BENHNHAN','BN0045'),
('bn0046','$2b$12$eIXhD1YwFzQkLQ9R0O6B8e1Y6uJp9gE5MZkXGQn0qj2FhQZ3BvZ9K','BENHNHAN','BN0046'),
('bn0047','$2b$12$eIXhD1YwFzQkLQ9R0O6B8e1Y6uJp9gE5MZkXGQn0qj2FhQZ3BvZ9K','BENHNHAN','BN0047'),
('bn0048','$2b$12$eIXhD1YwFzQkLQ9R0O6B8e1Y6uJp9gE5MZkXGQn0qj2FhQZ3BvZ9K','BENHNHAN','BN0048'),
('bn0049','$2b$12$eIXhD1YwFzQkLQ9R0O6B8e1Y6uJp9gE5MZkXGQn0qj2FhQZ3BvZ9K','BENHNHAN','BN0049'),
('bn0050','$2b$12$eIXhD1YwFzQkLQ9R0O6B8e1Y6uJp9gE5MZkXGQn0qj2FhQZ3BvZ9K','BENHNHAN','BN0050'),
('bn0051','$2b$12$eIXhD1YwFzQkLQ9R0O6B8e1Y6uJp9gE5MZkXGQn0qj2FhQZ3BvZ9K','BENHNHAN','BN0051'),
('bn0052','$2b$12$eIXhD1YwFzQkLQ9R0O6B8e1Y6uJp9gE5MZkXGQn0qj2FhQZ3BvZ9K','BENHNHAN','BN0052'),
('bn0053','$2b$12$eIXhD1YwFzQkLQ9R0O6B8e1Y6uJp9gE5MZkXGQn0qj2FhQZ3BvZ9K','BENHNHAN','BN0053'),
('bn0054','$2b$12$eIXhD1YwFzQkLQ9R0O6B8e1Y6uJp9gE5MZkXGQn0qj2FhQZ3BvZ9K','BENHNHAN','BN0054'),
('bn0055','$2b$12$eIXhD1YwFzQkLQ9R0O6B8e1Y6uJp9gE5MZkXGQn0qj2FhQZ3BvZ9K','BENHNHAN','BN0055'),
('bn0056','$2b$12$eIXhD1YwFzQkLQ9R0O6B8e1Y6uJp9gE5MZkXGQn0qj2FhQZ3BvZ9K','BENHNHAN','BN0056'),
('bn0057','$2b$12$eIXhD1YwFzQkLQ9R0O6B8e1Y6uJp9gE5MZkXGQn0qj2FhQZ3BvZ9K','BENHNHAN','BN0057'),
('bn0058','$2b$12$eIXhD1YwFzQkLQ9R0O6B8e1Y6uJp9gE5MZkXGQn0qj2FhQZ3BvZ9K','BENHNHAN','BN0058'),
('bn0059','$2b$12$eIXhD1YwFzQkLQ9R0O6B8e1Y6uJp9gE5MZkXGQn0qj2FhQZ3BvZ9K','BENHNHAN','BN0059'),
('bn0060','$2b$12$eIXhD1YwFzQkLQ9R0O6B8e1Y6uJp9gE5MZkXGQn0qj2FhQZ3BvZ9K','BENHNHAN','BN0060'),
('bn0061','$2b$12$eIXhD1YwFzQkLQ9R0O6B8e1Y6uJp9gE5MZkXGQn0qj2FhQZ3BvZ9K','BENHNHAN','BN0061'),
('bn0062','$2b$12$eIXhD1YwFzQkLQ9R0O6B8e1Y6uJp9gE5MZkXGQn0qj2FhQZ3BvZ9K','BENHNHAN','BN0062'),
('bn0063','$2b$12$eIXhD1YwFzQkLQ9R0O6B8e1Y6uJp9gE5MZkXGQn0qj2FhQZ3BvZ9K','BENHNHAN','BN0063'),
('bn0064','$2b$12$eIXhD1YwFzQkLQ9R0O6B8e1Y6uJp9gE5MZkXGQn0qj2FhQZ3BvZ9K','BENHNHAN','BN0064'),
('bn0065','$2b$12$eIXhD1YwFzQkLQ9R0O6B8e1Y6uJp9gE5MZkXGQn0qj2FhQZ3BvZ9K','BENHNHAN','BN0065'),
('bn0066','$2b$12$eIXhD1YwFzQkLQ9R0O6B8e1Y6uJp9gE5MZkXGQn0qj2FhQZ3BvZ9K','BENHNHAN','BN0066'),
('bn0067','$2b$12$eIXhD1YwFzQkLQ9R0O6B8e1Y6uJp9gE5MZkXGQn0qj2FhQZ3BvZ9K','BENHNHAN','BN0067'),
('bn0068','$2b$12$eIXhD1YwFzQkLQ9R0O6B8e1Y6uJp9gE5MZkXGQn0qj2FhQZ3BvZ9K','BENHNHAN','BN0068'),
('bn0069','$2b$12$eIXhD1YwFzQkLQ9R0O6B8e1Y6uJp9gE5MZkXGQn0qj2FhQZ3BvZ9K','BENHNHAN','BN0069'),
('bn0070','$2b$12$eIXhD1YwFzQkLQ9R0O6B8e1Y6uJp9gE5MZkXGQn0qj2FhQZ3BvZ9K','BENHNHAN','BN0070'),
('bn0071','$2b$12$eIXhD1YwFzQkLQ9R0O6B8e1Y6uJp9gE5MZkXGQn0qj2FhQZ3BvZ9K','BENHNHAN','BN0071'),
('bn0072','$2b$12$eIXhD1YwFzQkLQ9R0O6B8e1Y6uJp9gE5MZkXGQn0qj2FhQZ3BvZ9K','BENHNHAN','BN0072'),
('bn0073','$2b$12$eIXhD1YwFzQkLQ9R0O6B8e1Y6uJp9gE5MZkXGQn0qj2FhQZ3BvZ9K','BENHNHAN','BN0073'),
('bn0074','$2b$12$eIXhD1YwFzQkLQ9R0O6B8e1Y6uJp9gE5MZkXGQn0qj2FhQZ3BvZ9K','BENHNHAN','BN0074'),
('bn0075','$2b$12$eIXhD1YwFzQkLQ9R0O6B8e1Y6uJp9gE5MZkXGQn0qj2FhQZ3BvZ9K','BENHNHAN','BN0075'),
('bn0076','$2b$12$eIXhD1YwFzQkLQ9R0O6B8e1Y6uJp9gE5MZkXGQn0qj2FhQZ3BvZ9K','BENHNHAN','BN0076'),
('bn0077','$2b$12$eIXhD1YwFzQkLQ9R0O6B8e1Y6uJp9gE5MZkXGQn0qj2FhQZ3BvZ9K','BENHNHAN','BN0077'),
('bn0078','$2b$12$eIXhD1YwFzQkLQ9R0O6B8e1Y6uJp9gE5MZkXGQn0qj2FhQZ3BvZ9K','BENHNHAN','BN0078'),
('bn0079','$2b$12$eIXhD1YwFzQkLQ9R0O6B8e1Y6uJp9gE5MZkXGQn0qj2FhQZ3BvZ9K','BENHNHAN','BN0079'),
('bn0080','$2b$12$eIXhD1YwFzQkLQ9R0O6B8e1Y6uJp9gE5MZkXGQn0qj2FhQZ3BvZ9K','BENHNHAN','BN0080'),
('bn0081','$2b$12$eIXhD1YwFzQkLQ9R0O6B8e1Y6uJp9gE5MZkXGQn0qj2FhQZ3BvZ9K','BENHNHAN','BN0081'),
('bn0082','$2b$12$eIXhD1YwFzQkLQ9R0O6B8e1Y6uJp9gE5MZkXGQn0qj2FhQZ3BvZ9K','BENHNHAN','BN0082'),
('bn0083','$2b$12$eIXhD1YwFzQkLQ9R0O6B8e1Y6uJp9gE5MZkXGQn0qj2FhQZ3BvZ9K','BENHNHAN','BN0083'),
('bn0084','$2b$12$eIXhD1YwFzQkLQ9R0O6B8e1Y6uJp9gE5MZkXGQn0qj2FhQZ3BvZ9K','BENHNHAN','BN0084'),
('bn0085','$2b$12$eIXhD1YwFzQkLQ9R0O6B8e1Y6uJp9gE5MZkXGQn0qj2FhQZ3BvZ9K','BENHNHAN','BN0085'),
('bn0086','$2b$12$eIXhD1YwFzQkLQ9R0O6B8e1Y6uJp9gE5MZkXGQn0qj2FhQZ3BvZ9K','BENHNHAN','BN0086'),
('bn0087','$2b$12$eIXhD1YwFzQkLQ9R0O6B8e1Y6uJp9gE5MZkXGQn0qj2FhQZ3BvZ9K','BENHNHAN','BN0087'),
('bn0088','$2b$12$eIXhD1YwFzQkLQ9R0O6B8e1Y6uJp9gE5MZkXGQn0qj2FhQZ3BvZ9K','BENHNHAN','BN0088'),
('bn0089','$2b$12$eIXhD1YwFzQkLQ9R0O6B8e1Y6uJp9gE5MZkXGQn0qj2FhQZ3BvZ9K','BENHNHAN','BN0089'),
('bn0090','$2b$12$eIXhD1YwFzQkLQ9R0O6B8e1Y6uJp9gE5MZkXGQn0qj2FhQZ3BvZ9K','BENHNHAN','BN0090'),
('bn0091','$2b$12$eIXhD1YwFzQkLQ9R0O6B8e1Y6uJp9gE5MZkXGQn0qj2FhQZ3BvZ9K','BENHNHAN','BN0091'),
('bn0092','$2b$12$eIXhD1YwFzQkLQ9R0O6B8e1Y6uJp9gE5MZkXGQn0qj2FhQZ3BvZ9K','BENHNHAN','BN0092'),
('bn0093','$2b$12$eIXhD1YwFzQkLQ9R0O6B8e1Y6uJp9gE5MZkXGQn0qj2FhQZ3BvZ9K','BENHNHAN','BN0093'),
('bn0094','$2b$12$eIXhD1YwFzQkLQ9R0O6B8e1Y6uJp9gE5MZkXGQn0qj2FhQZ3BvZ9K','BENHNHAN','BN0094'),
('bn0095','$2b$12$eIXhD1YwFzQkLQ9R0O6B8e1Y6uJp9gE5MZkXGQn0qj2FhQZ3BvZ9K','BENHNHAN','BN0095'),
('bn0096','$2b$12$eIXhD1YwFzQkLQ9R0O6B8e1Y6uJp9gE5MZkXGQn0qj2FhQZ3BvZ9K','BENHNHAN','BN0096'),
('bn0097','$2b$12$eIXhD1YwFzQkLQ9R0O6B8e1Y6uJp9gE5MZkXGQn0qj2FhQZ3BvZ9K','BENHNHAN','BN0097'),
('bn0098','$2b$12$eIXhD1YwFzQkLQ9R0O6B8e1Y6uJp9gE5MZkXGQn0qj2FhQZ3BvZ9K','BENHNHAN','BN0098'),
('bn0099','$2b$12$eIXhD1YwFzQkLQ9R0O6B8e1Y6uJp9gE5MZkXGQn0qj2FhQZ3BvZ9K','BENHNHAN','BN0099'),
('bn0100','$2b$12$eIXhD1YwFzQkLQ9R0O6B8e1Y6uJp9gE5MZkXGQn0qj2FhQZ3BvZ9K','BENHNHAN','BN0100');

