/*
==========================
Insert Sample Data Script
==========================
*/

/* =========================
1. KHOA
========================= */
INSERT INTO khoa VALUES
('K0001','Nhi','BS0002'),
('K0002','Tim mạch','BS0016'),
('K0003','Ngoại tổng hợp','BS0007'),
('K0004','Nhi','BS0035'),
('K0005','Nội tổng hợp','BS0028'),
('K0006','Nội tổng hợp','BS0006'),
('K0007','Nội tổng hợp','BS0033'),
('K0008','Nhi','BS0036'),
('K0009','Nội tổng hợp','BS0035'),
('K0010','Sản','BS0029');

/* =========================
2. BACSI
========================= */
INSERT INTO bacsi VALUES
('BS0001','Nguyễn Minh Oanh','F','1969-04-25','09251161559','P101','Thạc sĩ','K0001',TRUE),
('BS0002','Hồ Hữu Trang','F','1983-10-07','09210341316','P102','Thạc sĩ','K0006',TRUE),
('BS0003','Võ Hữu Đức','M','1994-12-08','09227648350','P103','Thạc sĩ','K0001',FALSE),
('BS0004','Lê Ngọc Việt','M','1980-04-21','09276724238','P104','Thạc sĩ','K0010',TRUE),
('BS0005','Đỗ Thanh Giang','F','1965-01-28','09212269166','P105','Tiến sĩ','K0008',TRUE),
('BS0006','Nguyễn Đức Trang','F','1981-02-10','09262704828','P106','Tiến sĩ','K0005',FALSE),
('BS0007','Phan Quang Nga','F','1994-09-01','09295701543','P107','Cử nhân','K0010',FALSE),
('BS0008','Lý Hữu Vinh','M','1968-11-16','09282489638','P108','Tiến sĩ','K0004',TRUE),
('BS0009','Đỗ Bảo Tú','M','1975-04-03','09250983930','P109','Cử nhân','K0001',TRUE),
('BS0010','Bùi Hữu Thảo Thảo','F','1973-09-05','09299737631','P110','Cử nhân','K0007',TRUE),
('BS0011','Trần Đức Bình','M','1981-02-08','09233872624','P111','Thạc sĩ','K0002',TRUE),
('BS0012','Trương Đức Bích','F','1994-01-03','09232677360','P112','Thạc sĩ','K0001',FALSE),
('BS0013','Dương Gia Tài','M','1995-11-23','09272343098','P113','Cử nhân','K0006',TRUE),
('BS0014','Đinh Phương Phương Hà','F','1965-03-03','09291361939','P114','Tiến sĩ','K0010',TRUE),
('BS0015','Hà Phương Mai','F','1973-11-23','09253462475','P115','Tiến sĩ','K0002',TRUE),
('BS0016','Hà Đức Chi','F','1992-05-05','09251354278','P116','Tiến sĩ','K0010',FALSE),
('BS0017','Đinh Văn Trang','F','1966-03-09','09211824493','P117','Tiến sĩ','K0004',TRUE),
('BS0018','Đinh Thảo Lan','F','1963-02-21','09264005242','P118','Tiến sĩ','K0009',TRUE),
('BS0019','Phạm Hữu Giang','F','1983-10-18','09226204505','P119','Thạc sĩ','K0004',TRUE),
('BS0020','Trương Khánh Đức','M','1975-03-26','09226025634','P120','Thạc sĩ','K0002',TRUE),
('BS0021','Lý Thanh Hưng','M','1989-06-10','09233036541','P121','Tiến sĩ','K0005',TRUE),
('BS0022','Trương Anh Đình Anh','F','1971-10-09','09201965569','P122','Tiến sĩ','K0002',TRUE),
('BS0023','Võ Thị Tuấn Oanh','F','1972-06-14','09215951484','P123','Tiến sĩ','K0006',TRUE),
('BS0024','Hoàng Ngọc Tài','M','1984-11-24','09229946804','P124','Thạc sĩ','K0007',FALSE),
('BS0025','Bùi Bảo Phương','F','1973-09-16','09221489513','P125','Tiến sĩ','K0004',FALSE),
('BS0026','Trần Thanh Trí','M','1964-08-14','09293676320','P126','Tiến sĩ','K0002',FALSE),
('BS0027','Đinh Bảo Bình','M','1967-08-05','09278895798','P127','Thạc sĩ','K0009',TRUE),
('BS0028','Lý Bảo Long','M','1977-09-16','09234714345','P128','Thạc sĩ','K0009',TRUE),
('BS0029','Hồ Quang Khánh Hưng','M','1981-09-15','09260366909','P129','Thạc sĩ','K0001',FALSE),
('BS0030','Hồ Khánh Vinh','M','1994-10-08','09273467065','P130','Tiến sĩ','K0007',TRUE),
('BS0031','Hoàng Hải Mai Trang','F','1961-02-21','09262720465','P131','Thạc sĩ','K0006',TRUE),
('BS0032','Võ Khánh Lan','F','1990-01-24','09280531003','P132','Thạc sĩ','K0001',TRUE),
('BS0033','Lý Đức Việt','M','1989-12-09','09252991241','P133','Tiến sĩ','K0005',TRUE),
('BS0034','Hồ Mai Thanh Hạnh','F','1966-12-25','09249190586','P134','Tiến sĩ','K0002',TRUE),
('BS0035','Ngô Thảo Dũng','M','1983-11-27','09272628498','P135','Tiến sĩ','K0008',TRUE),
('BS0036','Võ Anh Hương','F','1965-05-15','09237996507','P136','Tiến sĩ','K0003',TRUE),
('BS0037','Võ Anh Long','M','1977-09-01','09283136783','P137','Tiến sĩ','K0008',TRUE),
('BS0038','Đặng Thanh Sơn','M','1979-11-19','09257885685','P138','Thạc sĩ','K0008',TRUE),
('BS0039','Phạm Ngọc Tuấn Phong','M','1971-04-07','09274989413','P139','Thạc sĩ','K0006',TRUE),
('BS0040','Trương Quang Thị Long','M','1995-05-23','09227109477','P140','Thạc sĩ','K0003',FALSE);

/* =========================
3. LAMVIEC
========================= */
INSERT INTO lamviec VALUES
('K0001','BS0001',9),
('K0006','BS0002',16),
('K0001','BS0003',4),
('K0010','BS0004',3),
('K0008','BS0005',13),
('K0005','BS0006',16),
('K0010','BS0007',3),
('K0004','BS0008',19),
('K0001','BS0009',21),
('K0007','BS0010',22),
('K0002','BS0011',2),
('K0001','BS0012',5),
('K0006','BS0013',5),
('K0010','BS0014',19),
('K0002','BS0015',10),
('K0010','BS0016',3),
('K0004','BS0017',8),
('K0009','BS0018',4),
('K0004','BS0019',18),
('K0002','BS0020',25),
('K0005','BS0021',14),
('K0002','BS0022',20),
('K0006','BS0023',20),
('K0007','BS0024',20),
('K0004','BS0025',8),
('K0002','BS0026',25),
('K0009','BS0027',17),
('K0009','BS0028',13),
('K0001','BS0029',15),
('K0007','BS0030',15),
('K0006','BS0031',10),
('K0001','BS0032',19),
('K0005','BS0033',14),
('K0002','BS0034',10),
('K0008','BS0035',19),
('K0003','BS0036',20),
('K0008','BS0037',2),
('K0008','BS0038',20),
('K0006','BS0039',24),
('K0003','BS0040',4);

/* =========================
4. USERS (BACSI)
========================= */
INSERT INTO user (username, password, role, ref_id) VALUES
('bs0001','$2b$12$eIXhD1YwFzQkLQ9R0O6B8e1Y6uJp9gE5MZkXGQn0qj2FhQZ3BvZ9K','BACSI','BS0001'),
('bs0002','$2b$12$eIXhD1YwFzQkLQ9R0O6B8e1Y6uJp9gE5MZkXGQn0qj2FhQZ3BvZ9K','BACSI','BS0002'),
('bs0003','$2b$12$eIXhD1YwFzQkLQ9R0O6B8e1Y6uJp9gE5MZkXGQn0qj2FhQZ3BvZ9K','BACSI','BS0003'),
('bs0004','$2b$12$eIXhD1YwFzQkLQ9R0O6B8e1Y6uJp9gE5MZkXGQn0qj2FhQZ3BvZ9K','BACSI','BS0004'),
('bs0005','$2b$12$eIXhD1YwFzQkLQ9R0O6B8e1Y6uJp9gE5MZkXGQn0qj2FhQZ3BvZ9K','BACSI','BS0005'),
('bs0006','$2b$12$eIXhD1YwFzQkLQ9R0O6B8e1Y6uJp9gE5MZkXGQn0qj2FhQZ3BvZ9K','BACSI','BS0006'),
('bs0007','$2b$12$eIXhD1YwFzQkLQ9R0O6B8e1Y6uJp9gE5MZkXGQn0qj2FhQZ3BvZ9K','BACSI','BS0007'),
('bs0008','$2b$12$eIXhD1YwFzQkLQ9R0O6B8e1Y6uJp9gE5MZkXGQn0qj2FhQZ3BvZ9K','BACSI','BS0008'),
('bs0009','$2b$12$eIXhD1YwFzQkLQ9R0O6B8e1Y6uJp9gE5MZkXGQn0qj2FhQZ3BvZ9K','BACSI','BS0009'),
('bs0010','$2b$12$eIXhD1YwFzQkLQ9R0O6B8e1Y6uJp9gE5MZkXGQn0qj2FhQZ3BvZ9K','BACSI','BS0010'),
('bs0011','$2b$12$eIXhD1YwFzQkLQ9R0O6B8e1Y6uJp9gE5MZkXGQn0qj2FhQZ3BvZ9K','BACSI','BS0011'),
('bs0012','$2b$12$eIXhD1YwFzQkLQ9R0O6B8e1Y6uJp9gE5MZkXGQn0qj2FhQZ3BvZ9K','BACSI','BS0012'),
('bs0013','$2b$12$eIXhD1YwFzQkLQ9R0O6B8e1Y6uJp9gE5MZkXGQn0qj2FhQZ3BvZ9K','BACSI','BS0013'),
('bs0014','$2b$12$eIXhD1YwFzQkLQ9R0O6B8e1Y6uJp9gE5MZkXGQn0qj2FhQZ3BvZ9K','BACSI','BS0014'),
('bs0015','$2b$12$eIXhD1YwFzQkLQ9R0O6B8e1Y6uJp9gE5MZkXGQn0qj2FhQZ3BvZ9K','BACSI','BS0015'),
('bs0016','$2b$12$eIXhD1YwFzQkLQ9R0O6B8e1Y6uJp9gE5MZkXGQn0qj2FhQZ3BvZ9K','BACSI','BS0016'),
('bs0017','$2b$12$eIXhD1YwFzQkLQ9R0O6B8e1Y6uJp9gE5MZkXGQn0qj2FhQZ3BvZ9K','BACSI','BS0017'),
('bs0018','$2b$12$eIXhD1YwFzQkLQ9R0O6B8e1Y6uJp9gE5MZkXGQn0qj2FhQZ3BvZ9K','BACSI','BS0018'),
('bs0019','$2b$12$eIXhD1YwFzQkLQ9R0O6B8e1Y6uJp9gE5MZkXGQn0qj2FhQZ3BvZ9K','BACSI','BS0019'),
('bs0020','$2b$12$eIXhD1YwFzQkLQ9R0O6B8e1Y6uJp9gE5MZkXGQn0qj2FhQZ3BvZ9K','BACSI','BS0020'),
('bs0021','$2b$12$eIXhD1YwFzQkLQ9R0O6B8e1Y6uJp9gE5MZkXGQn0qj2FhQZ3BvZ9K','BACSI','BS0021'),
('bs0022','$2b$12$eIXhD1YwFzQkLQ9R0O6B8e1Y6uJp9gE5MZkXGQn0qj2FhQZ3BvZ9K','BACSI','BS0022'),
('bs0023','$2b$12$eIXhD1YwFzQkLQ9R0O6B8e1Y6uJp9gE5MZkXGQn0qj2FhQZ3BvZ9K','BACSI','BS0023'),
('bs0024','$2b$12$eIXhD1YwFzQkLQ9R0O6B8e1Y6uJp9gE5MZkXGQn0qj2FhQZ3BvZ9K','BACSI','BS0024'),
('bs0025','$2b$12$eIXhD1YwFzQkLQ9R0O6B8e1Y6uJp9gE5MZkXGQn0qj2FhQZ3BvZ9K','BACSI','BS0025'),
('bs0026','$2b$12$eIXhD1YwFzQkLQ9R0O6B8e1Y6uJp9gE5MZkXGQn0qj2FhQZ3BvZ9K','BACSI','BS0026'),
('bs0027','$2b$12$eIXhD1YwFzQkLQ9R0O6B8e1Y6uJp9gE5MZkXGQn0qj2FhQZ3BvZ9K','BACSI','BS0027'),
('bs0028','$2b$12$eIXhD1YwFzQkLQ9R0O6B8e1Y6uJp9gE5MZkXGQn0qj2FhQZ3BvZ9K','BACSI','BS0028'),
('bs0029','$2b$12$eIXhD1YwFzQkLQ9R0O6B8e1Y6uJp9gE5MZkXGQn0qj2FhQZ3BvZ9K','BACSI','BS0029'),
('bs0030','$2b$12$eIXhD1YwFzQkLQ9R0O6B8e1Y6uJp9gE5MZkXGQn0qj2FhQZ3BvZ9K','BACSI','BS0030'),
('bs0031','$2b$12$eIXhD1YwFzQkLQ9R0O6B8e1Y6uJp9gE5MZkXGQn0qj2FhQZ3BvZ9K','BACSI','BS0031'),
('bs0032','$2b$12$eIXhD1YwFzQkLQ9R0O6B8e1Y6uJp9gE5MZkXGQn0qj2FhQZ3BvZ9K','BACSI','BS0032'),
('bs0033','$2b$12$eIXhD1YwFzQkLQ9R0O6B8e1Y6uJp9gE5MZkXGQn0qj2FhQZ3BvZ9K','BACSI','BS0033'),
('bs0034','$2b$12$eIXhD1YwFzQkLQ9R0O6B8e1Y6uJp9gE5MZkXGQn0qj2FhQZ3BvZ9K','BACSI','BS0034'),
('bs0035','$2b$12$eIXhD1YwFzQkLQ9R0O6B8e1Y6uJp9gE5MZkXGQn0qj2FhQZ3BvZ9K','BACSI','BS0035'),
('bs0036','$2b$12$eIXhD1YwFzQkLQ9R0O6B8e1Y6uJp9gE5MZkXGQn0qj2FhQZ3BvZ9K','BACSI','BS0036'),
('bs0037','$2b$12$eIXhD1YwFzQkLQ9R0O6B8e1Y6uJp9gE5MZkXGQn0qj2FhQZ3BvZ9K','BACSI','BS0037'),
('bs0038','$2b$12$eIXhD1YwFzQkLQ9R0O6B8e1Y6uJp9gE5MZkXGQn0qj2FhQZ3BvZ9K','BACSI','BS0038'),
('bs0039','$2b$12$eIXhD1YwFzQkLQ9R0O6B8e1Y6uJp9gE5MZkXGQn0qj2FhQZ3BvZ9K','BACSI','BS0039'),
('bs0040','$2b$12$eIXhD1YwFzQkLQ9R0O6B8e1Y6uJp9gE5MZkXGQn0qj2FhQZ3BvZ9K','BACSI','BS0040');

/* =========================
5. BENHNHAN
========================= */
INSERT INTO benhnhan VALUES
('BN0041','Phan Ngọc Lan','F','1975-04-06','0981206797','TP HCM','Nội trú'),
('BN0042','Dương Hữu Hương','F','2005-10-22','0936183242','Hà Nội','Nội trú'),
('BN0043','Hà Gia Gia Thắng','M','2009-07-09','0988771906','Nghệ An','Ngoại trú'),
('BN0044','Vũ Trung Việt','M','2008-05-19','0902787429','Đà Nẵng','Ngoại trú'),
('BN0045','Lý Thu Oanh','F','2007-02-28','0925674680','Đà Nẵng','Nội trú'),
('BN0046','Hồ Phương An','M','1999-08-14','0903859770','TP HCM','Ngoại trú'),
('BN0047','Dương Thảo Hải Dung','F','1980-12-06','0948086131','Đà Nẵng','Nội trú'),
('BN0048','Lý Gia Thảo','F','1991-08-16','0937826398','Thanh Hóa','Nội trú'),
('BN0049','Ngô Anh Tú','M','1965-05-24','0949972787','TP HCM','Ngoại trú'),
('BN0050','Dương Anh Hạnh','F','1980-10-13','0936057662','Hải Phòng','Nội trú'),
('BN0051','Hà Anh Dung','F','1993-02-17','0970262174','TP HCM','Ngoại trú'),
('BN0052','Bùi Tuấn Nhung','F','2005-12-25','0978091343','Thanh Hóa','Nội trú'),
('BN0053','Phạm Bảo Hiếu','M','1966-01-11','0904556238','Đà Nẵng','Ngoại trú'),
('BN0054','Huỳnh Hữu Đức','M','2004-11-08','0979237474','Nam Định','Ngoại trú'),
('BN0055','Đặng Tuấn Thu Hiếu','M','2002-05-21','0964743671','TP HCM','Ngoại trú'),
('BN0056','Đặng Văn Nhung','F','2001-11-25','0909743953','Hải Dương','Ngoại trú'),
('BN0057','Hoàng Đức Bích','F','1993-01-19','0952145623','Hà Nội','Ngoại trú'),
('BN0058','Đinh Phương Lan','F','1981-08-26','0945171236','Thừa Thiên Huế','Ngoại trú'),
('BN0059','Hồ Văn Long','M','1994-06-22','0949651370','Hải Dương','Ngoại trú'),
('BN0060','Đoàn Thanh Cường','M','1994-12-10','0961200471','Hà Nội','Ngoại trú'),
('BN0061','Dương Thu Vinh','M','2012-12-05','0961796405','TP HCM','Nội trú'),
('BN0062','Đỗ Đức Quân','M','2006-06-02','0964317139','Quảng Ninh','Nội trú'),
('BN0063','Hoàng Trung Tuấn Hưng','M','1978-10-07','0935290422','Cần Thơ','Ngoại trú'),
('BN0064','Nguyễn Quang An','M','1980-10-11','0902402681','Thanh Hóa','Ngoại trú'),
('BN0065','Đinh Trung Dung','F','1979-10-02','0984700766','Thái Bình','Ngoại trú'),
('BN0066','Lê Hữu Mai','F','1969-03-09','0999856984','Đà Nẵng','Ngoại trú'),
('BN0067','Phạm Tuấn Hưng','M','1979-07-11','0976615654','TP HCM','Nội trú'),
('BN0068','Lê Hữu Đức Chi','F','2012-12-12','0928098851','Đà Nẵng','Ngoại trú'),
('BN0069','Ngô Thị Linh','F','1987-02-19','0983273158','TP HCM','Ngoại trú'),
('BN0070','Ngô Tuấn Nhi','F','2006-09-01','0994024455','Hà Nội','Ngoại trú'),
('BN0071','Hồ Hữu Giang','F','1966-02-24','0983667525','TP HCM','Nội trú'),
('BN0072','Đoàn Hữu Hải Bích','F','1968-11-03','0947679764','TP HCM','Ngoại trú'),
('BN0073','Phạm Gia Việt','M','2007-05-02','0936900343','Thanh Hóa','Ngoại trú'),
('BN0074','Phạm Văn Trí','M','1976-03-13','0983885160','Đà Nẵng','Ngoại trú'),
('BN0075','Bùi Trung Tài','M','2010-11-14','0941605297','Bình Dương','Ngoại trú'),
('BN0076','Phạm Thanh Tài','M','1998-02-13','0945352181','Hải Phòng','Nội trú'),
('BN0077','Đỗ Quang Đình Hương','F','1977-03-20','0921277997','Thái Bình','Ngoại trú'),
('BN0078','Đoàn Anh Hữu Mai','F','1995-08-21','0944905814','Đà Nẵng','Nội trú'),
('BN0079','Đặng Hữu Cường','M','1997-07-15','0998079359','Hải Phòng','Nội trú'),
('BN0080','Phạm Anh Cường','M','1976-01-08','0977889255','Khánh Hòa','Nội trú');

/* =========================
6. THANNHAN
========================= */
INSERT INTO thannhan VALUES
('BN0041','Đoàn Thị Đức Mai','F','09186449251','Bắc Ninh'),
('BN0042','Đỗ Gia Hữu Sơn','M','09148652816','Hải Phòng'),
('BN0043','Đặng Minh Hưng','M','09173322141','Hải Phòng'),
('BN0044','Đinh Thị Mai','F','09192962229','Bình Dương'),
('BN0045','Dương Thị Tài','M','09137947383','TP HCM'),
('BN0046','Lý Ngọc Nga','F','09197746886','Thừa Thiên Huế'),
('BN0047','Đoàn Quang Thảo Lan','F','09158181412','TP HCM'),
('BN0048','Hoàng Khánh Chi','F','09137506068','TP HCM'),
('BN0049','Lê Thu Đức Khoa','M','09152204727','Đà Nẵng'),
('BN0050','Lê Văn Quang Long','M','09189861434','Hà Nội'),
('BN0051','Đoàn Bảo Thảo Cường','M','09198089324','Đà Nẵng'),
('BN0052','Vũ Trung Hữu Oanh','F','09185188888','Hà Nội'),
('BN0053','Trần Mai Nga','F','09105153195','Hà Nội'),
('BN0054','Bùi Minh Thắng','M','09172217043','Hà Nội'),
('BN0055','Trần Anh Nam','M','09187403450','Đồng Nai'),
('BN0056','Phạm Thu Tài','M','09176527758','TP HCM'),
('BN0057','Ngô Hữu Tài','M','09128451154','TP HCM'),
('BN0058','Ngô Minh Phương','F','09105964016','TP HCM'),
('BN0059','Huỳnh Văn Giang','F','09170213556','Thừa Thiên Huế'),
('BN0060','Hoàng Bảo Quân','M','09119285654','TP HCM'),
('BN0061','Huỳnh Thảo Tú','M','09181447394','Thái Bình'),
('BN0062','Phan Đức Giang','F','09172715518','Cần Thơ'),
('BN0063','Huỳnh Minh Nga','F','09113237058','Cần Thơ'),
('BN0064','Trương Quang Đức','M','09114678669','Hà Nội'),
('BN0065','Lê Bảo Phương','F','09152892268','Khánh Hòa'),
('BN0066','Phạm Phương Đạt','M','09125358414','TP HCM'),
('BN0067','Võ Quang Linh','F','09118299229','Nghệ An'),
('BN0068','Hà Thị Trung Anh','F','09143969078','TP HCM'),
('BN0069','Lý Thanh Nhung','F','09110276773','TP HCM'),
('BN0070','Bùi Thu Thu Sơn','M','09188153714','Đà Nẵng'),
('BN0071','Trần Gia Sơn','M','09163259532','Hải Phòng'),
('BN0072','Lý Gia Mai Quỳnh','F','09187339500','TP HCM'),
('BN0073','Lý Gia Đức Trang','F','09162456506','Hà Nội'),
('BN0074','Đỗ Tuấn Phương Linh','F','09178499121','TP HCM'),
('BN0075','Bùi Tuấn Nga','F','09139868000','Hà Nội'),
('BN0076','Lý Phương Phương Thắng','M','09125952694','Bắc Ninh'),
('BN0077','Đinh Tuấn Quỳnh','F','09147055169','TP HCM'),
('BN0078','Nguyễn Hải Quỳnh','F','09199309728','Hải Dương'),
('BN0079','Hồ Quang Đức Hương','F','09130756263','Đà Nẵng'),
('BN0080','Lý Thị Giang','F','09185786527','Khánh Hòa');

/* =========================
7. BHYT
========================= */
INSERT INTO BHYT VALUES
('BHYT00041','BN0041','2025-06-11','2027-06-11'),
('BHYT00042','BN0042','2025-09-23','2027-09-23'),
('BHYT00043','BN0043','2025-06-17','2027-06-17'),
('BHYT00044','BN0044','2025-11-29','2027-11-29'),
('BHYT00045','BN0045','2025-12-01','2027-12-01'),
('BHYT00046','BN0046','2025-11-12','2027-11-12'),
('BHYT00047','BN0047','2025-12-07','2027-12-07'),
('BHYT00048','BN0048','2025-05-02','2027-05-02'),
('BHYT00049','BN0049','2025-10-26','2027-10-26'),
('BHYT00050','BN0050','2025-08-22','2027-08-22'),
('BHYT00051','BN0051','2025-03-26','2027-03-26'),
('BHYT00052','BN0052','2025-04-23','2027-04-23'),
('BHYT00053','BN0053','2025-05-09','2027-05-09'),
('BHYT00054','BN0054','2025-09-29','2027-09-29'),
('BHYT00055','BN0055','2025-05-19','2027-05-19'),
('BHYT00056','BN0056','2025-04-12','2027-04-12'),
('BHYT00057','BN0057','2025-05-19','2027-05-19'),
('BHYT00058','BN0058','2025-05-14','2027-05-14'),
('BHYT00059','BN0059','2025-12-13','2027-12-13'),
('BHYT00060','BN0060','2025-04-03','2027-04-03'),
('BHYT00061','BN0061','2025-12-06','2027-12-06'),
('BHYT00062','BN0062','2025-12-13','2027-12-13'),
('BHYT00063','BN0063','2025-08-25','2027-08-25'),
('BHYT00064','BN0064','2025-05-29','2027-05-29'),
('BHYT00065','BN0065','2025-08-20','2027-08-20'),
('BHYT00066','BN0066','2025-06-14','2027-06-14'),
('BHYT00067','BN0067','2025-09-30','2027-09-30'),
('BHYT00068','BN0068','2025-05-07','2027-05-07'),
('BHYT00069','BN0069','2025-05-14','2027-05-14'),
('BHYT00070','BN0070','2025-02-18','2027-02-18'),
('BHYT00071','BN0071','2025-10-07','2027-10-07'),
('BHYT00072','BN0072','2025-11-29','2027-11-29'),
('BHYT00073','BN0073','2025-09-22','2027-09-22'),
('BHYT00074','BN0074','2025-06-30','2027-06-30'),
('BHYT00075','BN0075','2025-07-08','2027-07-08'),
('BHYT00076','BN0076','2025-06-12','2027-06-12'),
('BHYT00077','BN0077','2025-03-02','2027-03-02'),
('BHYT00078','BN0078','2025-05-15','2027-05-15'),
('BHYT00079','BN0079','2025-01-08','2027-01-08'),
('BHYT00080','BN0080','2025-05-14','2027-05-14');

/* =========================
8. NHAPVIEN
========================= */
INSERT INTO nhapvien VALUES
('BN0041','2025-12-18','P0006',3),
('BN0042','2025-12-17','P0029',3),
('BN0043','2025-12-11','P0031',2),
('BN0044','2025-11-24','P0035',3),
('BN0045','2025-12-17','P0036',3),
('BN0046','2025-11-22','P0007',5),
('BN0047','2025-12-11','P0038',2),
('BN0048','2025-11-25','P0004',5),
('BN0049','2025-11-25','P0015',1),
('BN0050','2025-11-21','P0027',3),
('BN0051','2025-12-10','P0031',1),
('BN0052','2025-12-09','P0009',1),
('BN0053','2025-12-18','P0036',2),
('BN0054','2025-12-01','P0031',4),
('BN0055','2025-12-08','P0013',3),
('BN0056','2025-11-28','P0019',1),
('BN0057','2025-12-17','P0006',5),
('BN0058','2025-11-25','P0035',1),
('BN0059','2025-12-17','P0012',4),
('BN0060','2025-12-16','P0012',1),
('BN0061','2025-12-14','P0026',4),
('BN0062','2025-11-23','P0019',1),
('BN0063','2025-11-18','P0020',5),
('BN0064','2025-12-07','P0007',3),
('BN0065','2025-11-27','P0030',5),
('BN0066','2025-12-04','P0032',2),
('BN0067','2025-12-15','P0033',4),
('BN0068','2025-11-26','P0013',1),
('BN0069','2025-11-28','P0011',4),
('BN0070','2025-12-08','P0017',2),
('BN0071','2025-11-18','P0022',3),
('BN0072','2025-12-06','P0013',2),
('BN0073','2025-12-07','P0026',4),
('BN0074','2025-12-04','P0021',1),
('BN0075','2025-11-30','P0007',2),
('BN0076','2025-11-22','P0031',3),
('BN0077','2025-12-17','P0016',1),
('BN0078','2025-11-26','P0025',2),
('BN0079','2025-12-02','P0018',3),
('BN0080','2025-11-27','P0038',5);

/* =========================
9. XUATVIEN
========================= */
INSERT INTO xuatvien VALUES
('BN0041','2025-12-18'),
('BN0042','2025-12-18'),
('BN0043','2025-12-18'),
('BN0044','2025-12-07'),
('BN0045','2025-12-18'),
('BN0046','2025-12-02'),
('BN0047','2025-12-18'),
('BN0048','2025-11-30'),
('BN0049','2025-12-10'),
('BN0051','2025-12-18'),
('BN0058','2025-12-15'),
('BN0060','2025-12-18'),
('BN0061','2025-12-18'),
('BN0062','2025-12-12'),
('BN0063','2025-12-06'),
('BN0065','2025-12-15'),
('BN0066','2025-12-15'),
('BN0068','2025-12-03'),
('BN0070','2025-12-18'),
('BN0071','2025-11-20'),
('BN0072','2025-12-18'),
('BN0073','2025-12-18'),
('BN0074','2025-12-18'),
('BN0075','2025-12-10'),
('BN0077','2025-12-18'),
('BN0079','2025-12-04'),
('BN0080','2025-11-30');

/* =========================
10. DONTHUOC
========================= */
INSERT INTO donthuoc VALUES
('DT00041','BS0035','BN0044'),
('DT00042','BS0005','BN0071'),
('DT00043','BS0003','BN0059'),
('DT00044','BS0027','BN0052'),
('DT00045','BS0009','BN0067'),
('DT00046','BS0024','BN0065'),
('DT00047','BS0029','BN0065'),
('DT00048','BS0025','BN0046'),
('DT00049','BS0035','BN0049'),
('DT00050','BS0023','BN0048'),
('DT00051','BS0012','BN0075'),
('DT00052','BS0026','BN0074'),
('DT00053','BS0009','BN0055'),
('DT00054','BS0001','BN0042'),
('DT00055','BS0020','BN0070'),
('DT00056','BS0035','BN0068'),
('DT00057','BS0035','BN0065'),
('DT00058','BS0015','BN0056'),
('DT00059','BS0030','BN0063'),
('DT00060','BS0010','BN0058'),
('DT00061','BS0013','BN0048'),
('DT00062','BS0003','BN0067'),
('DT00063','BS0040','BN0042'),
('DT00064','BS0016','BN0054'),
('DT00065','BS0005','BN0047'),
('DT00066','BS0039','BN0043'),
('DT00067','BS0029','BN0079'),
('DT00068','BS0004','BN0056'),
('DT00069','BS0003','BN0066'),
('DT00070','BS0029','BN0055'),
('DT00071','BS0035','BN0054'),
('DT00072','BS0004','BN0049'),
('DT00073','BS0033','BN0059'),
('DT00074','BS0015','BN0077'),
('DT00075','BS0021','BN0077'),
('DT00076','BS0039','BN0061'),
('DT00077','BS0016','BN0060'),
('DT00078','BS0010','BN0074'),
('DT00079','BS0015','BN0067'),
('DT00080','BS0020','BN0058');

/* =========================
11. CHITIET_DH
========================= */
INSERT INTO chitiet_dh VALUES
('DT00041','T0036',19,5),
('DT00042','T0036',21,10),
('DT00042','T0032',26,14),
('DT00042','T0004',11,10),
('DT00042','T0023',14,5),
('DT00043','T0025',16,5),
('DT00043','T0012',28,5),
('DT00043','T0035',10,5),
('DT00044','T0004',5,10),
('DT00044','T0036',8,7),
('DT00044','T0027',7,7),
('DT00044','T0034',21,3),
('DT00045','T0024',2,7),
('DT00045','T0006',13,14),
('DT00045','T0035',20,3),
('DT00045','T0013',28,3),
('DT00046','T0038',7,10),
('DT00046','T0036',7,7),
('DT00047','T0001',24,3),
('DT00047','T0014',24,10),
('DT00047','T0013',30,5),
('DT00048','T0026',18,7),
('DT00048','T0016',25,7),
('DT00049','T0030',9,7),
('DT00049','T0035',17,10),
('DT00049','T0023',15,3),
('DT00049','T0020',26,10),
('DT00050','T0014',14,3),
('DT00050','T0024',19,5),
('DT00050','T0021',24,5),
('DT00051','T0017',18,14),
('DT00052','T0019',8,10),
('DT00052','T0010',19,5),
('DT00052','T0013',16,14),
('DT00052','T0022',21,7),
('DT00053','T0032',24,7),
('DT00053','T0030',6,5),
('DT00053','T0011',24,14),
('DT00054','T0012',2,3),
('DT00054','T0035',27,3),
('DT00054','T0004',25,3),
('DT00054','T0034',14,5),
('DT00055','T0005',1,5),
('DT00055','T0010',17,10),
('DT00056','T0004',22,10),
('DT00056','T0040',1,3),
('DT00056','T0031',18,14),
('DT00057','T0001',18,7),
('DT00057','T0002',1,14),
('DT00057','T0034',27,10),
('DT00057','T0018',26,5),
('DT00058','T0007',17,5),
('DT00059','T0013',17,7),
('DT00059','T0040',27,7),
('DT00060','T0026',13,10),
('DT00060','T0006',19,5),
('DT00060','T0024',23,5),
('DT00061','T0006',13,10),
('DT00061','T0003',18,10),
('DT00061','T0026',2,3),
('DT00062','T0006',28,10),
('DT00062','T0032',21,7),
('DT00063','T0034',30,3),
('DT00064','T0014',16,7),
('DT00064','T0037',2,3),
('DT00065','T0035',6,7),
('DT00065','T0037',1,5),
('DT00065','T0003',19,5),
('DT00066','T0005',8,14),
('DT00066','T0020',27,10),
('DT00066','T0011',22,14),
('DT00066','T0037',11,10),
('DT00067','T0006',24,7),
('DT00067','T0033',2,3),
('DT00068','T0015',25,14),
('DT00068','T0005',20,10),
('DT00068','T0022',25,7),
('DT00068','T0039',1,7),
('DT00069','T0032',13,10),
('DT00069','T0015',6,14),
('DT00069','T0023',22,10),
('DT00069','T0036',3,14),
('DT00070','T0016',9,5),
('DT00070','T0005',13,5),
('DT00070','T0006',24,10),
('DT00071','T0024',1,7),
('DT00071','T0007',15,7),
('DT00071','T0006',25,7),
('DT00072','T0009',3,5),
('DT00073','T0029',4,3),
('DT00073','T0036',3,7),
('DT00073','T0033',18,3),
('DT00073','T0027',20,14),
('DT00074','T0025',14,10),
('DT00074','T0001',25,3),
('DT00074','T0019',24,14),
('DT00075','T0037',6,10),
('DT00075','T0034',6,5),
('DT00076','T0020',5,3),
('DT00076','T0018',6,10),
('DT00076','T0032',9,10),
('DT00077','T0031',9,5),
('DT00077','T0005',24,10),
('DT00077','T0024',20,14),
('DT00078','T0030',5,7),
('DT00078','T0007',1,10),
('DT00079','T0040',15,7),
('DT00079','T0025',14,14),
('DT00079','T0022',5,7),
('DT00080','T0039',11,5),
('DT00080','T0013',13,7),
('DT00080','T0031',10,10);

/* =========================
12. SOKHAMBENH
========================= */
INSERT INTO sokhambenh VALUES
('SKB00041','BN0077','2025-12-16','Đau bụng','Điều trị','Cần theo dõi','DT00066','K0006'),
('SKB00042','BN0048','2025-12-18','Tăng huyết áp','Theo dõi','Tích cực','DT00076','K0001'),
('SKB00043','BN0070','2025-12-15','Viêm họng','Tái điều trị','Cần theo dõi','DT00045','K0007'),
('SKB00044','BN0072','2025-12-06','Tim mạch','Điều trị','Tích cực','DT00068','K0007'),
('SKB00045','BN0045','2025-12-11','Nhiễm trùng','Theo dõi','Tích cực','DT00073','K0007'),
('SKB00046','BN0075','2025-12-04','Đau đầu','Điều trị','Cần theo dõi','DT00075','K0010'),
('SKB00047','BN0046','2025-12-05','Dị ứng','Theo dõi','Tích cực','DT00080','K0001'),
('SKB00048','BN0077','2025-12-14','Viêm phế quản','Điều trị','Tiêu cực','DT00068','K0002'),
('SKB00049','BN0041','2025-12-05','Đau bụng','Theo dõi','Tích cực','DT00078','K0010'),
('SKB00050','BN0055','2025-12-11','Sốt siêu vi','Theo dõi','Tích cực','DT00073','K0003'),
('SKB00051','BN0063','2025-12-04','Tiêu chảy','Điều trị','Cần theo dõi','DT00046','K0002'),
('SKB00052','BN0050','2025-12-09','Sốt siêu vi','Theo dõi','Ổn định','DT00071','K0006'),
('SKB00053','BN0071','2025-12-05','Viêm dạ dày','Theo dõi','Ổn định','DT00060','K0001'),
('SKB00054','BN0048','2025-12-04','Viêm xoang','Theo dõi','Tích cực','DT00051','K0004'),
('SKB00055','BN0074','2025-12-06','Tăng huyết áp','Điều trị','Tích cực','DT00070','K0004'),
('SKB00056','BN0066','2025-12-14','Viêm họng','Theo dõi','Tích cực','DT00042','K0010'),
('SKB00057','BN0053','2025-12-11','Tăng huyết áp','Điều trị','Tiêu cực','DT00054','K0005'),
('SKB00058','BN0045','2025-12-13','Cúm','Tư vấn','Ổn định','DT00061','K0004'),
('SKB00059','BN0070','2025-12-05','Đau bụng','Tư vấn','Tích cực','DT00061','K0010'),
('SKB00060','BN0065','2025-12-13','Viêm dạ dày','Điều trị','Tích cực','DT00070','K0010'),
('SKB00061','BN0052','2025-12-17','Viêm phế quản','Chuyển tuyến','Cần theo dõi','DT00078','K0002'),
('SKB00062','BN0049','2025-12-09','Viêm họng','Điều trị','Ổn định','DT00050','K0009'),
('SKB00063','BN0065','2025-12-10','Tăng huyết áp','Theo dõi','Tích cực','DT00072','K0009'),
('SKB00064','BN0052','2025-12-12','Viêm họng','Điều trị','Ổn định','DT00069','K0010'),
('SKB00065','BN0044','2025-12-17','Sốt siêu vi','Điều trị','Ổn định','DT00065','K0009'),
('SKB00066','BN0073','2025-12-14','Tiêu chảy','Theo dõi','Tích cực','DT00069','K0008'),
('SKB00067','BN0051','2025-12-05','Tăng huyết áp','Tái điều trị','Ổn định','DT00043','K0005'),
('SKB00068','BN0055','2025-12-12','Đau bụng','Tái điều trị','Tích cực','DT00072','K0009'),
('SKB00069','BN0073','2025-12-05','Tăng huyết áp','Điều trị','Tích cực','DT00064','K0009'),
('SKB00070','BN0043','2025-12-16','Viêm phế quản','Theo dõi','Cần theo dõi','DT00047','K0004'),
('SKB00071','BN0060','2025-12-17','Nhiễm trùng','Điều trị','Ổn định','DT00046','K0008'),
('SKB00072','BN0048','2025-12-16','Đau đầu','Điều trị','Tiêu cực','DT00063','K0010'),
('SKB00073','BN0068','2025-12-06','Tim mạch','Tái điều trị','Cần theo dõi','DT00044','K0010'),
('SKB00074','BN0063','2025-12-12','Đau bụng','Theo dõi','Ổn định','DT00059','K0005'),
('SKB00075','BN0077','2025-12-08','Thiếu máu','Theo dõi','Cần theo dõi','DT00047','K0003'),
('SKB00076','BN0067','2025-12-18','Cúm','Điều trị','Tích cực','DT00049','K0004'),
('SKB00077','BN0050','2025-12-15','Sốt siêu vi','Điều trị','Cần theo dõi','DT00066','K0008'),
('SKB00078','BN0050','2025-12-13','Tim mạch','Theo dõi','Tích cực','DT00045','K0002'),
('SKB00079','BN0066','2025-12-12','Dị ứng','Theo dõi','Cần theo dõi','DT00070','K0008'),
('SKB00080','BN0061','2025-12-13','Cúm','Tái điều trị','Tiêu cực','DT00070','K0006');

/* =========================
13. HOADON
========================= */
INSERT INTO hoadon VALUES
('HD00041','BHYT00045','DT00075','BN0066',200000),
('HD00042','BHYT00068','DT00054','BN0072',220000),
('HD00043','BHYT00061','DT00059','BN0062',180000),
('HD00044','BHYT00077','DT00072','BN0062',120000),
('HD00045','BHYT00043','DT00047','BN0070',120000),
('HD00046','BHYT00048','DT00051','BN0069',350000),
('HD00047','BHYT00041','DT00068','BN0053',180000),
('HD00048','BHYT00060','DT00051','BN0058',150000),
('HD00049','BHYT00064','DT00057','BN0046',250000),
('HD00050','BHYT00051','DT00044','BN0066',220000),
('HD00051','BHYT00055','DT00068','BN0046',150000),
('HD00052','BHYT00041','DT00054','BN0071',150000),
('HD00053','BHYT00049','DT00078','BN0055',350000),
('HD00054','BHYT00041','DT00041','BN0062',150000),
('HD00055','BHYT00068','DT00049','BN0071',150000),
('HD00056','BHYT00055','DT00065','BN0046',150000),
('HD00057','BHYT00047','DT00061','BN0064',220000),
('HD00058','BHYT00049','DT00065','BN0049',180000),
('HD00059','BHYT00045','DT00074','BN0077',120000),
('HD00060','BHYT00080','DT00051','BN0069',250000),
('HD00061','BHYT00054','DT00050','BN0067',350000),
('HD00062','BHYT00054','DT00046','BN0047',180000),
('HD00063','BHYT00048','DT00078','BN0065',250000),
('HD00064','BHYT00068','DT00061','BN0049',200000),
('HD00065','BHYT00058','DT00046','BN0056',220000),
('HD00066','BHYT00042','DT00060','BN0054',200000),
('HD00067','BHYT00066','DT00059','BN0044',200000),
('HD00068','BHYT00072','DT00065','BN0048',200000),
('HD00069','BHYT00072','DT00079','BN0045',120000),
('HD00070','BHYT00064','DT00061','BN0049',300000),
('HD00071','BHYT00077','DT00067','BN0064',180000),
('HD00072','BHYT00071','DT00045','BN0042',150000),
('HD00073','BHYT00041','DT00057','BN0054',120000),
('HD00074','BHYT00044','DT00066','BN0073',220000),
('HD00075','BHYT00073','DT00067','BN0068',300000),
('HD00076','BHYT00046','DT00075','BN0075',180000),
('HD00077','BHYT00058','DT00046','BN0060',150000),
('HD00078','BHYT00073','DT00054','BN0050',250000),
('HD00079','BHYT00066','DT00078','BN0045',220000),
('HD00080','BHYT00068','DT00056','BN0044',200000);

/* =========================
14. USERS (BENHNHAN - NEW)
========================= */
INSERT INTO user (username, password, role, ref_id) VALUES
('bn0041','$2b$12$eIXhD1YwFzQkLQ9R0O6B8e1Y6uJp9gE5MZkXGQn0qj2FhQZ3BvZ9K','BENHNHAN','BN0041'),
('bn0042','$2b$12$eIXhD1YwFzQkLQ9R0O6B8e1Y6uJp9gE5MZkXGQn0qj2FhQZ3BvZ9K','BENHNHAN','BN0042'),
('bn0043','$2b$12$eIXhD1YwFzQkLQ9R0O6B8e1Y6uJp9gE5MZkXGQn0qj2FhQZ3BvZ9K','BENHNHAN','BN0043'),
('bn0044','$2b$12$eIXhD1YwFzQkLQ9R0O6B8e1Y6uJp9gE5MZkXGQn0qj2FhQZ3BvZ9K','BENHNHAN','BN0044'),
('bn0045','$2b$12$eIXhD1YwFzQkLQ9R0O6B8e1Y6uJp9gE5MZkXGQn0qj2FhQZ3BvZ9K','BENHNHAN','BN0045'),
('bn0046','$2b$12$eIXhD1YwFzQkLQ9R0O6B8e1Y6uJp9gE5MZkXGQn0qj2FhQZ3BvZ9K','BENHNHAN','BN0046'),
('bn0047','$2b$12$eIXhD1YwFzQkLQ9R0O6B8e1Y6uJp9gE5MZkXGQn0qj2FhQZ3BvZ9K','BENHNHAN','BN0047'),
('bn0048','$2b$12$eIXhD1YwFzQkLQ9R0O6B8e1Y6uJp9gE5MZkXGQn0qj2FhQZ3BvZ9K','BENHNHAN','BN0048'),
('bn0049','$2b$12$eIXhD1YwFzQkLQ9R0O6B8e1Y6uJp9gE5MZkXGQn0qj2FhQZ3BvZ9K','BENHNHAN','BN0049'),
('bn0050','$2b$12$eIXhD1YwFzQkLQ9R0O6B8e1Y6uJp9gE5MZkXGQn0qj2FhQZ3BvZ9K','BENHNHAN','BN0050'),
('bn0051','$2b$12$eIXhD1YwFzQkLQ9R0O6B8e1Y6uJp9gE5MZkXGQn0qj2FhQZ3BvZ9K','BENHNHAN','BN0051'),
('bn0052','$2b$12$eIXhD1YwFzQkLQ9R0O6B8e1Y6uJp9gE5MZkXGQn0qj2FhQZ3BvZ9K','BENHNHAN','BN0052'),
('bn0053','$2b$12$eIXhD1YwFzQkLQ9R0O6B8e1Y6uJp9gE5MZkXGQn0qj2FhQZ3BvZ9K','BENHNHAN','BN0053'),
('bn0054','$2b$12$eIXhD1YwFzQkLQ9R0O6B8e1Y6uJp9gE5MZkXGQn0qj2FhQZ3BvZ9K','BENHNHAN','BN0054'),
('bn0055','$2b$12$eIXhD1YwFzQkLQ9R0O6B8e1Y6uJp9gE5MZkXGQn0qj2FhQZ3BvZ9K','BENHNHAN','BN0055'),
('bn0056','$2b$12$eIXhD1YwFzQkLQ9R0O6B8e1Y6uJp9gE5MZkXGQn0qj2FhQZ3BvZ9K','BENHNHAN','BN0056'),
('bn0057','$2b$12$eIXhD1YwFzQkLQ9R0O6B8e1Y6uJp9gE5MZkXGQn0qj2FhQZ3BvZ9K','BENHNHAN','BN0057'),
('bn0058','$2b$12$eIXhD1YwFzQkLQ9R0O6B8e1Y6uJp9gE5MZkXGQn0qj2FhQZ3BvZ9K','BENHNHAN','BN0058'),
('bn0059','$2b$12$eIXhD1YwFzQkLQ9R0O6B8e1Y6uJp9gE5MZkXGQn0qj2FhQZ3BvZ9K','BENHNHAN','BN0059'),
('bn0060','$2b$12$eIXhD1YwFzQkLQ9R0O6B8e1Y6uJp9gE5MZkXGQn0qj2FhQZ3BvZ9K','BENHNHAN','BN0060'),
('bn0061','$2b$12$eIXhD1YwFzQkLQ9R0O6B8e1Y6uJp9gE5MZkXGQn0qj2FhQZ3BvZ9K','BENHNHAN','BN0061'),
('bn0062','$2b$12$eIXhD1YwFzQkLQ9R0O6B8e1Y6uJp9gE5MZkXGQn0qj2FhQZ3BvZ9K','BENHNHAN','BN0062'),
('bn0063','$2b$12$eIXhD1YwFzQkLQ9R0O6B8e1Y6uJp9gE5MZkXGQn0qj2FhQZ3BvZ9K','BENHNHAN','BN0063'),
('bn0064','$2b$12$eIXhD1YwFzQkLQ9R0O6B8e1Y6uJp9gE5MZkXGQn0qj2FhQZ3BvZ9K','BENHNHAN','BN0064'),
('bn0065','$2b$12$eIXhD1YwFzQkLQ9R0O6B8e1Y6uJp9gE5MZkXGQn0qj2FhQZ3BvZ9K','BENHNHAN','BN0065'),
('bn0066','$2b$12$eIXhD1YwFzQkLQ9R0O6B8e1Y6uJp9gE5MZkXGQn0qj2FhQZ3BvZ9K','BENHNHAN','BN0066'),
('bn0067','$2b$12$eIXhD1YwFzQkLQ9R0O6B8e1Y6uJp9gE5MZkXGQn0qj2FhQZ3BvZ9K','BENHNHAN','BN0067'),
('bn0068','$2b$12$eIXhD1YwFzQkLQ9R0O6B8e1Y6uJp9gE5MZkXGQn0qj2FhQZ3BvZ9K','BENHNHAN','BN0068'),
('bn0069','$2b$12$eIXhD1YwFzQkLQ9R0O6B8e1Y6uJp9gE5MZkXGQn0qj2FhQZ3BvZ9K','BENHNHAN','BN0069'),
('bn0070','$2b$12$eIXhD1YwFzQkLQ9R0O6B8e1Y6uJp9gE5MZkXGQn0qj2FhQZ3BvZ9K','BENHNHAN','BN0070'),
('bn0071','$2b$12$eIXhD1YwFzQkLQ9R0O6B8e1Y6uJp9gE5MZkXGQn0qj2FhQZ3BvZ9K','BENHNHAN','BN0071'),
('bn0072','$2b$12$eIXhD1YwFzQkLQ9R0O6B8e1Y6uJp9gE5MZkXGQn0qj2FhQZ3BvZ9K','BENHNHAN','BN0072'),
('bn0073','$2b$12$eIXhD1YwFzQkLQ9R0O6B8e1Y6uJp9gE5MZkXGQn0qj2FhQZ3BvZ9K','BENHNHAN','BN0073'),
('bn0074','$2b$12$eIXhD1YwFzQkLQ9R0O6B8e1Y6uJp9gE5MZkXGQn0qj2FhQZ3BvZ9K','BENHNHAN','BN0074'),
('bn0075','$2b$12$eIXhD1YwFzQkLQ9R0O6B8e1Y6uJp9gE5MZkXGQn0qj2FhQZ3BvZ9K','BENHNHAN','BN0075'),
('bn0076','$2b$12$eIXhD1YwFzQkLQ9R0O6B8e1Y6uJp9gE5MZkXGQn0qj2FhQZ3BvZ9K','BENHNHAN','BN0076'),
('bn0077','$2b$12$eIXhD1YwFzQkLQ9R0O6B8e1Y6uJp9gE5MZkXGQn0qj2FhQZ3BvZ9K','BENHNHAN','BN0077'),
('bn0078','$2b$12$eIXhD1YwFzQkLQ9R0O6B8e1Y6uJp9gE5MZkXGQn0qj2FhQZ3BvZ9K','BENHNHAN','BN0078'),
('bn0079','$2b$12$eIXhD1YwFzQkLQ9R0O6B8e1Y6uJp9gE5MZkXGQn0qj2FhQZ3BvZ9K','BENHNHAN','BN0079'),
('bn0080','$2b$12$eIXhD1YwFzQkLQ9R0O6B8e1Y6uJp9gE5MZkXGQn0qj2FhQZ3BvZ9K','BENHNHAN','BN0080');

